"intentional_homicide_id","country_name","year","homicide_count","homicide_rate","homicide_source","homicide_source_type"
1,"Afghanistan",2008,712,2.4000000000,"WHO","PH"
2,"Albania",2010,127,4.0000000000,"CTS/Transmonee","CJ"
3,"Albania",2009,85,2.7000000000,"CTS/Transmonee","CJ"
4,"Albania",2008,93,2.9000000000,"CTS/Transmonee","CJ"
5,"Albania",2007,105,3.3000000000,"CTS/Transmonee","CJ"
6,"Albania",2006,87,2.8000000000,"CTS/Transmonee","CJ"
7,"Albania",2005,131,4.2000000000,"CTS/Transmonee","CJ"
8,"Albania",2004,119,3.8000000000,"CTS/Transmonee","CJ"
9,"Albania",2003,144,4.6000000000,"CTS/Transmonee","CJ"
10,"Albania",2002,231,7.5000000000,"CTS/Transmonee","CJ"
11,"Albania",2001,208,6.8000000000,"CTS/Transmonee","CJ"
12,"Albania",2000,275,9.0000000000,"CTS/Transmonee","CJ"
13,"Albania",1999,496,16.1000000000,"CTS/Transmonee","CJ"
14,"Albania",1998,573,18.6000000000,"CTS/Transmonee","CJ"
15,"Albania",1997,1542,49.9000000000,"CTS/Transmonee","CJ"
16,"Albania",1996,248,8.0000000000,"CTS/Transmonee","CJ"
17,"Albania",1995,210,6.7000000000,"CTS/Transmonee","CJ"
18,"Algeria",2008,516,1.5000000000,"CTS","CJ"
19,"Algeria",2007,438,1.3000000000,"CTS","CJ"
20,"Andorra",2004,1,1.3000000000,"Interpol","CJ"
21,"Angola",2008,3426,19.0000000000,"WHO","PH"
22,"Anguilla",2008,1,6.8000000000,"NSO","CJ"
23,"Anguilla",2007,4,27.8000000000,"NSO","CJ"
24,"Anguilla",2006,4,28.6000000000,"NSO","CJ"
25,"Anguilla",2005,1,7.4000000000,"NSO","CJ"
26,"Anguilla",2004,1,7.6000000000,"NSO","CJ"
27,"Anguilla",2003,2,15.9000000000,"NSO","CJ"
28,"Anguilla",2002,2,16.7000000000,"NSO","CJ"
29,"Anguilla",2001,0,0.0000000000,"NSO","CJ"
30,"Anguilla",2000,1,9.0000000000,"NSO","CJ"
31,"Anguilla",1999,0,0.0000000000,"NSO","CJ"
32,"Anguilla",1998,0,0.0000000000,"NSO","CJ"
33,"Anguilla",1997,1,9.8000000000,"NSO","CJ"
34,"Anguilla",1996,0,0.0000000000,"NSO","CJ"
35,"Anguilla",1995,1,10.2000000000,"NSO","CJ"
36,"Antigua and Barbuda",2010,6,6.8000000000,"OAS/National police","CJ"
37,"Antigua and Barbuda",2009,16,18.2000000000,"OAS/National police","CJ"
38,"Antigua and Barbuda",2008,16,18.4000000000,"OAS/National police","CJ"
39,"Antigua and Barbuda",2007,17,19.8000000000,"OAS/National police","CJ"
40,"Antigua and Barbuda",2006,11,12.9000000000,"OAS/National police","CJ"
41,"Antigua and Barbuda",2005,3,3.6000000000,"OAS/National police","CJ"
42,"Antigua and Barbuda",2004,4,4.8000000000,"OAS/National police","CJ"
43,"Antigua and Barbuda",2003,5,6.1000000000,"OAS/National police","CJ"
44,"Antigua and Barbuda",2002,5,6.2000000000,"OAS/National police","CJ"
45,"Antigua and Barbuda",2001,7,8.8000000000,"OAS/National police","CJ"
46,"Antigua and Barbuda",2000,5,6.4000000000,"OAS/National police","CJ"
47,"Argentina",2009,1360,3.4000000000,"CTS/Ministry of Justice","CJ"
48,"Argentina",2008,2305,5.8000000000,"CTS/Ministry of Justice","CJ"
49,"Argentina",2007,2071,5.3000000000,"CTS/Ministry of Justice","CJ"
50,"Argentina",2006,2052,5.3000000000,"CTS/Ministry of Justice","CJ"
51,"Argentina",2005,2115,5.5000000000,"CTS/Ministry of Justice","CJ"
52,"Argentina",2004,2259,5.9000000000,"CTS/Ministry of Justice","CJ"
53,"Argentina",2003,2876,7.6000000000,"CTS/Ministry of Justice","CJ"
54,"Argentina",2002,3453,9.2000000000,"CTS/Ministry of Justice","CJ"
55,"Argentina",2001,3048,8.2000000000,"CTS/Ministry of Justice","CJ"
56,"Argentina",2000,2653,7.2000000000,"CTS/Ministry of Justice","CJ"
57,"Argentina",1999,2668,7.3000000000,"CTS/Ministry of Justice","CJ"
58,"Argentina",1998,2607,7.2000000000,"CTS/Ministry of Justice","CJ"
59,"Argentina",1997,3265,9.1000000000,"CTS/Ministry of Justice","CJ"
60,"Argentina",1996,3001,8.5000000000,"CTS/Ministry of Justice","CJ"
61,"Argentina",1995,2723,7.8000000000,"CTS/Ministry of Justice","CJ"
62,"Armenia",2010,44,1.4000000000,"CTS/Transmonee","CJ"
63,"Armenia",2009,83,2.7000000000,"CTS/Transmonee","CJ"
64,"Armenia",2008,83,2.7000000000,"CTS/Transmonee","CJ"
65,"Armenia",2007,77,2.5000000000,"CTS/Transmonee","CJ"
66,"Armenia",2006,79,2.6000000000,"CTS/Transmonee","CJ"
67,"Armenia",2005,58,1.9000000000,"CTS/Transmonee","CJ"
68,"Armenia",2004,83,2.7000000000,"CTS/Transmonee","CJ"
69,"Armenia",2003,66,2.2000000000,"CTS/Transmonee","CJ"
70,"Armenia",2002,69,2.3000000000,"CTS/Transmonee","CJ"
71,"Armenia",2001,88,2.9000000000,"CTS/Transmonee","CJ"
72,"Armenia",2000,91,3.0000000000,"CTS/Transmonee","CJ"
73,"Armenia",1999,90,2.9000000000,"CTS/Transmonee","CJ"
74,"Armenia",1998,93,3.0000000000,"CTS/Transmonee","CJ"
75,"Armenia",1997,100,3.2000000000,"CTS/Transmonee","CJ"
76,"Armenia",1996,114,3.6000000000,"CTS/Transmonee","CJ"
77,"Armenia",1995,116,3.6000000000,"CTS/Transmonee","CJ"
78,"Australia",2010,229,1.0000000000,"CTS/NSO","CJ"
79,"Australia",2009,263,1.2000000000,"CTS/NSO","CJ"
80,"Australia",2008,261,1.2000000000,"CTS/NSO","CJ"
81,"Australia",2007,255,1.2000000000,"CTS/NSO","CJ"
82,"Australia",2006,281,1.4000000000,"CTS/NSO","CJ"
83,"Australia",2005,259,1.3000000000,"CTS/NSO","CJ"
84,"Australia",2004,264,1.3000000000,"CTS/NSO","CJ"
85,"Australia",2003,302,1.5000000000,"CTS/NSO","CJ"
86,"Australia",2002,318,1.6000000000,"CTS/NSO","CJ"
87,"Australia",2001,310,1.6000000000,"CTS/NSO","CJ"
88,"Australia",2000,302,1.6000000000,"CTS/NSO","CJ"
89,"Australia",1999,343,1.8000000000,"CTS/NSO","CJ"
90,"Australia",1998,285,1.5000000000,"CTS/NSO","CJ"
91,"Australia",1997,321,1.7000000000,"CTS/NSO","CJ"
92,"Australia",1996,312,1.7000000000,"CTS/NSO","CJ"
93,"Australia",1995,326,1.8000000000,"CTS/NSO","CJ"
94,"Austria",2010,53,0.6000000000,"CTS/Eurostat","CJ"
95,"Austria",2009,43,0.5000000000,"CTS/Eurostat","CJ"
96,"Austria",2008,45,0.5000000000,"CTS/Eurostat","CJ"
97,"Austria",2007,45,0.5000000000,"CTS/Eurostat","CJ"
98,"Austria",2006,61,0.7000000000,"CTS/Eurostat","CJ"
99,"Austria",2005,54,0.7000000000,"CTS/Eurostat","CJ"
100,"Austria",2004,59,0.7000000000,"CTS/Eurostat","CJ"
101,"Austria",2003,50,0.6000000000,"CTS/Eurostat","CJ"
102,"Austria",2002,65,0.8000000000,"CTS/Eurostat","CJ"
103,"Austria",2001,70,0.9000000000,"CTS/Eurostat","CJ"
104,"Austria",2000,82,1.0000000000,"CTS/Eurostat","CJ"
105,"Austria",1999,60,0.8000000000,"CTS/Eurostat","CJ"
106,"Austria",1998,77,1.0000000000,"CTS/Eurostat","CJ"
107,"Austria",1997,66,0.8000000000,"CTS/Eurostat","CJ"
108,"Austria",1996,99,1.2000000000,"CTS/Eurostat","CJ"
109,"Austria",1995,82,1.0000000000,"CTS/Eurostat","CJ"
110,"Azerbaijan",2010,206,2.2000000000,"CTS","CJ"
111,"Azerbaijan",2008,192,2.1000000000,"CTS","CJ"
112,"Azerbaijan",2007,189,2.1000000000,"CTS","CJ"
113,"Bahamas",2010,94,27.4000000000,"OAS","CJ"
114,"Bahamas",2009,87,25.7000000000,"OAS","CJ"
115,"Bahamas",2008,72,21.6000000000,"OAS","CJ"
116,"Bahamas",2007,78,23.7000000000,"OAS","CJ"
117,"Bahamas",2006,62,19.1000000000,"OAS","CJ"
118,"Bahamas",2005,52,16.3000000000,"OAS","CJ"
119,"Bahamas",2004,44,14.0000000000,"OAS","CJ"
120,"Bahamas",2003,50,16.1000000000,"OAS","CJ"
121,"Bahamas",2002,52,17.0000000000,"OAS","CJ"
122,"Bahamas",2001,43,14.3000000000,"OAS","CJ"
123,"Bahamas",2000,74,24.9000000000,"OAS","CJ"
124,"Bahrain",2008,6,0.6000000000,"CTS","CJ"
125,"Bahrain",2007,4,0.4000000000,"CTS","CJ"
126,"Bahrain",2006,7,0.9000000000,"CTS","CJ"
127,"Bahrain",2005,4,0.6000000000,"CTS","CJ"
128,"Bahrain",2004,7,1.0000000000,"CTS","CJ"
129,"Bahrain",2003,3,0.5000000000,"CTS","CJ"
130,"Bangladesh",2010,3988,2.7000000000,"National police","CJ"
131,"Bangladesh",2009,4219,2.9000000000,"National police","CJ"
132,"Bangladesh",2008,4099,2.8000000000,"National police","CJ"
133,"Bangladesh",2007,3863,2.7000000000,"National police","CJ"
134,"Bangladesh",2006,4166,2.9000000000,"National police","CJ"
135,"Bangladesh",2005,3592,2.6000000000,"National police","CJ"
136,"Bangladesh",2004,3902,2.8000000000,"National police","CJ"
137,"Barbados",2010,31,11.3000000000,"CTS/OAS","CJ"
138,"Barbados",2009,19,7.0000000000,"CTS/OAS","CJ"
139,"Barbados",2008,23,8.5000000000,"CTS/OAS","CJ"
140,"Barbados",2007,25,9.2000000000,"CTS/OAS","CJ"
141,"Barbados",2006,35,12.9000000000,"CTS/OAS","CJ"
142,"Barbados",2005,25,9.2000000000,"CTS/OAS","CJ"
143,"Barbados",2004,22,8.1000000000,"CTS/OAS","CJ"
144,"Barbados",2003,33,12.2000000000,"CTS/OAS","CJ"
145,"Barbados",2002,25,9.3000000000,"CTS/OAS","CJ"
146,"Barbados",2001,25,9.3000000000,"CTS/OAS","CJ"
147,"Barbados",2000,20,7.5000000000,"CTS/OAS","CJ"
148,"Barbados",1999,23,8.6000000000,"CTS/OAS","CJ"
149,"Barbados",1998,20,7.5000000000,"CTS/OAS","CJ"
150,"Belarus",2009,473,4.9000000000,"CTS","CJ"
151,"Belarus",2008,541,5.6000000000,"CTS","CJ"
152,"Belarus",2007,649,6.7000000000,"CTS","CJ"
153,"Belarus",2006,734,7.5000000000,"CTS","CJ"
154,"Belarus",2005,825,8.4000000000,"CTS","CJ"
155,"Belarus",2004,815,8.3000000000,"CTS","CJ"
156,"Belarus",2003,879,8.9000000000,"CTS","CJ"
157,"Belarus",2002,989,9.9000000000,"CTS","CJ"
158,"Belarus",2001,969,9.7000000000,"CTS","CJ"
159,"Belarus",2000,1013,10.1000000000,"CTS","CJ"
160,"Belarus",1999,974,9.6000000000,"CTS","CJ"
161,"Belarus",1998,1036,10.2000000000,"CTS","CJ"
162,"Belarus",1997,1021,10.0000000000,"CTS","CJ"
163,"Belarus",1996,970,9.5000000000,"CTS","CJ"
164,"Belarus",1995,960,9.3000000000,"CTS","CJ"
165,"Belgium",2010,180,1.7000000000,"CTS","CJ"
166,"Belgium",2009,186,1.7000000000,"CTS","CJ"
167,"Belgium",2008,200,1.9000000000,"CTS","CJ"
168,"Belgium",2007,211,2.0000000000,"CTS","CJ"
169,"Belgium",2006,221,2.1000000000,"CTS","CJ"
170,"Belgium",2005,221,2.1000000000,"CTS","CJ"
171,"Belgium",2004,265,2.6000000000,"CTS","CJ"
172,"Belgium",2003,228,2.2000000000,"CTS","CJ"
173,"Belgium",2002,318,3.1000000000,"CTS","CJ"
174,"Belgium",2001,282,2.8000000000,"CTS","CJ"
175,"Belgium",2000,215,2.1000000000,"CTS","CJ"
176,"Belize",2010,129,41.4000000000,"CTS/OAS","CJ"
177,"Belize",2009,97,31.8000000000,"CTS/OAS","CJ"
178,"Belize",2008,103,34.4000000000,"CTS/OAS","CJ"
179,"Belize",2007,97,33.1000000000,"CTS/OAS","CJ"
180,"Belize",2006,92,32.1000000000,"CTS/OAS","CJ"
181,"Belize",2005,81,28.8000000000,"CTS/OAS","CJ"
182,"Belize",2004,79,28.7000000000,"CTS/OAS","CJ"
183,"Belize",2003,67,24.9000000000,"CTS/OAS","CJ"
184,"Belize",2002,87,33.1000000000,"CTS/OAS","CJ"
185,"Belize",2001,64,24.9000000000,"CTS/OAS","CJ"
186,"Belize",2000,41,16.4000000000,"CTS/OAS","CJ"
187,"Benin",2008,1262,15.1000000000,"WHO","PH"
188,"Bermuda",2011,8,12.3000000000,"National police","CJ"
189,"Bermuda",2010,7,10.8000000000,"National police","CJ"
190,"Bermuda",2009,6,9.3000000000,"National police","CJ"
191,"Bermuda",2008,5,7.7000000000,"National police","CJ"
192,"Bermuda",2007,3,4.7000000000,"National police","CJ"
193,"Bermuda",2006,3,4.7000000000,"National police","CJ"
194,"Bermuda",2005,3,4.7000000000,"National police","CJ"
195,"Bermuda",2004,2,3.1000000000,"National police","CJ"
196,"Bermuda",2003,2,3.1000000000,"National police","CJ"
197,"Bermuda",2002,3,4.7000000000,"National police","CJ"
198,"Bermuda",2001,2,3.2000000000,"National police","CJ"
199,"Bermuda",2000,1,1.6000000000,"National police","CJ"
200,"Bermuda",1999,0,0.0000000000,"National police","CJ"
201,"Bermuda",1998,4,6.4000000000,"National police","CJ"
202,"Bhutan",2008,7,1.0000000000,"NSO","CJ"
203,"Bhutan",2007,8,1.2000000000,"NSO","CJ"
204,"Bhutan",2006,9,1.3000000000,"NSO","CJ"
205,"Bhutan",2005,11,1.7000000000,"NSO","CJ"
206,"Bhutan",2004,15,2.3000000000,"NSO","CJ"
207,"Bhutan",2003,5,0.8000000000,"NSO","CJ"
208,"Bhutan",2002,19,3.1000000000,"NSO","CJ"
209,"Bhutan",2001,19,3.2000000000,"NSO","CJ"
210,"Bhutan",2000,18,3.2000000000,"NSO","CJ"
211,"Bolivia (Plurinational State of)",2010,884,8.9000000000,"National police","CJ"
212,"Bolivia (Plurinational State of)",2009,673,6.9000000000,"National police","CJ"
213,"Bolivia (Plurinational State of)",2008,724,7.5000000000,"National police","CJ"
214,"Bolivia (Plurinational State of)",2007,723,7.6000000000,"National police","CJ"
215,"Bolivia (Plurinational State of)",2006,530,5.7000000000,"National police","CJ"
216,"Bolivia (Plurinational State of)",2005,596,6.5000000000,"National police","CJ"
217,"Bosnia and Herzegovina",2010,56,1.5000000000,"CTS/Eurostat","CJ"
218,"Bosnia and Herzegovina",2009,67,1.8000000000,"CTS/Eurostat","CJ"
219,"Bosnia and Herzegovina",2008,66,1.7000000000,"CTS/Eurostat","CJ"
220,"Bosnia and Herzegovina",2007,66,1.7000000000,"CTS/Eurostat","CJ"
221,"Bosnia and Herzegovina",2006,73,1.9000000000,"CTS/Eurostat","CJ"
222,"Bosnia and Herzegovina",2005,70,1.9000000000,"CTS/Eurostat","CJ"
223,"Botswana",2009,287,14.5000000000,"CTS","CJ"
224,"Brazil",2010,40974,21.0000000000,"Ministry of Justice","CJ"
225,"Brazil",2009,42023,21.7000000000,"Ministry of Justice","CJ"
226,"Brazil",2008,43635,22.8000000000,"Ministry of Justice","CJ"
227,"Brazil",2007,42296,22.3000000000,"Ministry of Justice","CJ"
228,"Brazil",2006,42681,22.7000000000,"Ministry of Justice","CJ"
229,"Brazil",2005,41581,22.4000000000,"Ministry of Justice","CJ"
230,"Brazil",2004,41295,22.5000000000,"Ministry of Justice","CJ"
231,"British Virgin Islands",2006,2,8.6000000000,"PAHO","PH"
232,"British Virgin Islands",2004,4,18.0000000000,"PAHO","PH"
233,"British Virgin Islands",2003,2,9.2000000000,"PAHO","PH"
234,"British Virgin Islands",2002,1,4.7000000000,"PAHO","PH"
235,"British Virgin Islands",2001,1,4.8000000000,"PAHO","PH"
236,"British Virgin Islands",2000,0,0.0000000000,"PAHO","PH"
237,"British Virgin Islands",1999,1,5.0000000000,"PAHO","PH"
238,"British Virgin Islands",1998,0,0.0000000000,"PAHO","PH"
239,"British Virgin Islands",1997,0,0.0000000000,"PAHO","PH"
240,"British Virgin Islands",1996,2,10.8000000000,"PAHO","PH"
241,"Brunei Darussalam",2006,2,0.5000000000,"CTS","CJ"
242,"Brunei Darussalam",2005,0,0.0000000000,"CTS","CJ"
243,"Brunei Darussalam",2004,5,1.4000000000,"CTS","CJ"
244,"Brunei Darussalam",2003,2,0.6000000000,"CTS","CJ"
245,"Bulgaria",2010,147,2.0000000000,"CTS/Eurostat","CJ"
246,"Bulgaria",2009,150,2.0000000000,"CTS/Eurostat","CJ"
247,"Bulgaria",2008,172,2.3000000000,"CTS/Eurostat","CJ"
248,"Bulgaria",2007,177,2.3000000000,"CTS/Eurostat","CJ"
249,"Bulgaria",2006,186,2.4000000000,"CTS/Eurostat","CJ"
250,"Bulgaria",2005,199,2.6000000000,"CTS/Eurostat","CJ"
251,"Bulgaria",2004,240,3.1000000000,"CTS/Eurostat","CJ"
252,"Bulgaria",2003,247,3.2000000000,"CTS/Eurostat","CJ"
253,"Bulgaria",2002,255,3.2000000000,"CTS/Eurostat","CJ"
254,"Bulgaria",2001,308,3.9000000000,"CTS/Eurostat","CJ"
255,"Bulgaria",2000,332,4.1000000000,"CTS/Eurostat","CJ"
256,"Bulgaria",1999,327,4.1000000000,"CTS/Eurostat","CJ"
257,"Bulgaria",1998,381,4.7000000000,"CTS/Eurostat","CJ"
258,"Bulgaria",1997,398,4.9000000000,"CTS/Eurostat","CJ"
259,"Bulgaria",1996,438,5.3000000000,"CTS/Eurostat","CJ"
260,"Bulgaria",1995,494,5.9000000000,"CTS/Eurostat","CJ"
261,"Burkina Faso",2008,2786,18.0000000000,"WHO","PH"
262,"Burundi",2008,1726,21.7000000000,"WHO","PH"
263,"Cambodia",2005,448,3.4000000000,"NGO","CJ"
264,"Cambodia",2004,511,3.9000000000,"NGO","CJ"
265,"Cambodia",2003,509,3.9000000000,"NGO","CJ"
266,"Cambodia",2002,425,3.3000000000,"NGO","CJ"
267,"Cambodia",2001,407,3.2000000000,"NGO","CJ"
268,"Cambodia",2000,571,4.6000000000,"NGO","CJ"
269,"Cambodia",1999,581,4.8000000000,"NGO","CJ"
270,"Cambodia",1998,793,6.6000000000,"NGO","CJ"
271,"Cambodia",1997,793,6.8000000000,"NGO","CJ"
272,"Cambodia",1996,542,4.7000000000,"NGO","CJ"
273,"Cambodia",1995,397,3.6000000000,"NGO","CJ"
274,"Cameroon",2008,3700,19.7000000000,"WHO","PH"
275,"Canada",2010,554,1.6000000000,"NSO","CJ"
276,"Canada",2009,610,1.8000000000,"NSO","CJ"
277,"Canada",2008,611,1.8000000000,"NSO","CJ"
278,"Canada",2007,594,1.8000000000,"NSO","CJ"
279,"Canada",2006,606,1.9000000000,"NSO","CJ"
280,"Canada",2005,663,2.1000000000,"NSO","CJ"
281,"Canada",2004,624,2.0000000000,"NSO","CJ"
282,"Canada",2003,549,1.7000000000,"NSO","CJ"
283,"Canada",2002,582,1.9000000000,"NSO","CJ"
284,"Canada",2001,553,1.8000000000,"NSO","CJ"
285,"Canada",2000,546,1.8000000000,"NSO","CJ"
286,"Canada",1999,538,1.8000000000,"NSO","CJ"
287,"Canada",1998,558,1.9000000000,"NSO","CJ"
288,"Canada",1997,586,2.0000000000,"NSO","CJ"
289,"Canada",1996,635,2.1000000000,"NSO","CJ"
290,"Canada",1995,588,2.0000000000,"NSO","CJ"
291,"Cape Verde",2007,56,11.6000000000,"UN-OCHA","CJ"
292,"Cayman Islands",2008,5,8.4000000000,"PAHO","PH"
293,"Cayman Islands",2007,2,4.3000000000,"PAHO","PH"
294,"Cayman Islands",2006,1,2.2000000000,"PAHO","PH"
295,"Cayman Islands",2004,6,11.6000000000,"PAHO","PH"
296,"Cayman Islands",2003,3,7.1000000000,"PAHO","PH"
297,"Cayman Islands",2001,2,5.0000000000,"PAHO","PH"
298,"Cayman Islands",2000,4,10.4000000000,"PAHO","PH"
299,"Cayman Islands",1998,1,2.8000000000,"PAHO","PH"
300,"Central African Republic",2008,1240,29.3000000000,"WHO","PH"
301,"Chad",2008,1686,15.8000000000,"WHO","PH"
302,"Chile",2010,541,3.2000000000,"CTS","CJ"
303,"Chile",2009,630,3.7000000000,"CTS","CJ"
304,"Chile",2008,588,3.5000000000,"CTS","CJ"
305,"Chile",2007,616,3.7000000000,"CTS","CJ"
306,"Chile",2006,590,3.6000000000,"CTS","CJ"
307,"Chile",2005,576,3.5000000000,"CTS","CJ"
308,"China",2010,13410,1.0000000000,"NSO","CJ"
309,"China",2009,14667,1.1000000000,"NSO","CJ"
310,"China",2008,14811,1.1000000000,"NSO","CJ"
311,"China",2007,16119,1.2000000000,"NSO","CJ"
312,"China",2006,17973,1.4000000000,"NSO","CJ"
313,"China",2005,20770,1.6000000000,"NSO","CJ"
314,"China",2004,24711,1.9000000000,"NSO","CJ"
315,"China",2003,24393,1.9000000000,"NSO","CJ"
316,"China",2002,26276,2.0000000000,"NSO","CJ"
317,"Colombia",2010,15459,33.4000000000,"National police","CJ"
318,"Colombia",2009,15817,34.6000000000,"National police","CJ"
319,"Colombia",2008,16140,35.9000000000,"National police","CJ"
320,"Colombia",2007,17198,38.8000000000,"National police","CJ"
321,"Colombia",2006,17479,40.0000000000,"National police","CJ"
322,"Colombia",2005,18111,42.1000000000,"National police","CJ"
323,"Colombia",2004,20210,47.7000000000,"National police","CJ"
324,"Colombia",2003,23523,56.4000000000,"National police","CJ"
325,"Colombia",2002,28837,70.2000000000,"National police","CJ"
326,"Colombia",2001,27840,68.9000000000,"National police","CJ"
327,"Colombia",2000,26540,66.7000000000,"National police","CJ"
328,"Colombia",1999,24358,62.3000000000,"National police","CJ"
329,"Colombia",1998,23096,60.1000000000,"National police","CJ"
330,"Colombia",1997,25379,67.2000000000,"National police","CJ"
331,"Colombia",1996,26642,71.8000000000,"National police","CJ"
332,"Colombia",1995,25398,69.7000000000,"National police","CJ"
333,"Comoros",2008,85,12.2000000000,"WHO","PH"
334,"Congo",2008,1180,30.8000000000,"WHO","PH"
335,"Costa Rica",2010,527,11.3000000000,"CTS/Ministry of Justice","CJ"
336,"Costa Rica",2009,525,11.4000000000,"CTS/Ministry of Justice","CJ"
337,"Costa Rica",2008,512,11.3000000000,"CTS/Ministry of Justice","CJ"
338,"Costa Rica",2007,369,8.3000000000,"CTS/Ministry of Justice","CJ"
339,"Costa Rica",2006,351,8.0000000000,"CTS/Ministry of Justice","CJ"
340,"Costa Rica",2005,335,7.8000000000,"CTS/Ministry of Justice","CJ"
341,"Costa Rica",2004,280,6.6000000000,"CTS/Ministry of Justice","CJ"
342,"Costa Rica",2003,300,7.2000000000,"CTS/Ministry of Justice","CJ"
343,"Costa Rica",2002,258,6.3000000000,"CTS/Ministry of Justice","CJ"
344,"Costa Rica",2001,257,6.4000000000,"CTS/Ministry of Justice","CJ"
345,"Costa Rica",2000,249,6.4000000000,"CTS/Ministry of Justice","CJ"
346,"Costa Rica",1999,245,6.4000000000,"CTS/Ministry of Justice","CJ"
347,"Costa Rica",1998,224,6.0000000000,"CTS/Ministry of Justice","CJ"
348,"Costa Rica",1997,210,5.8000000000,"CTS/Ministry of Justice","CJ"
349,"Costa Rica",1996,189,5.3000000000,"CTS/Ministry of Justice","CJ"
350,"Costa Rica",1995,184,5.3000000000,"CTS/Ministry of Justice","CJ"
351,"Cote d'Ivoire",2008,10801,56.9000000000,"WHO","PH"
352,"Croatia",2010,62,1.4000000000,"CTS/Eurostat","CJ"
353,"Croatia",2009,49,1.1000000000,"CTS/Eurostat","CJ"
354,"Croatia",2008,71,1.6000000000,"CTS/Eurostat","CJ"
355,"Croatia",2007,62,1.4000000000,"CTS/Eurostat","CJ"
356,"Croatia",2006,74,1.7000000000,"CTS/Eurostat","CJ"
357,"Croatia",2005,68,1.5000000000,"CTS/Eurostat","CJ"
358,"Croatia",2004,83,1.9000000000,"CTS/Eurostat","CJ"
359,"Croatia",2003,69,1.5000000000,"CTS/Eurostat","CJ"
360,"Croatia",2002,80,1.8000000000,"CTS/Eurostat","CJ"
361,"Croatia",2001,83,1.9000000000,"CTS/Eurostat","CJ"
362,"Croatia",2000,111,2.5000000000,"CTS/Eurostat","CJ"
363,"Croatia",1999,121,2.7000000000,"CTS/Eurostat","CJ"
364,"Croatia",1998,131,2.9000000000,"CTS/Eurostat","CJ"
365,"Croatia",1997,118,2.6000000000,"CTS/Eurostat","CJ"
366,"Croatia",1996,122,2.6000000000,"CTS/Eurostat","CJ"
367,"Croatia",1995,166,3.6000000000,"CTS/Eurostat","CJ"
368,"Cuba",2009,563,5.0000000000,"PAHO","PH"
369,"Cuba",2008,518,4.6000000000,"PAHO","PH"
370,"Cuba",2007,563,5.0000000000,"PAHO","PH"
371,"Cuba",2006,575,5.1000000000,"PAHO","PH"
372,"Cuba",2005,687,6.1000000000,"PAHO","PH"
373,"Cuba",2004,663,5.9000000000,"PAHO","PH"
374,"Cuba",2003,639,5.7000000000,"PAHO","PH"
375,"Cuba",2002,659,5.9000000000,"PAHO","PH"
376,"Cuba",2001,602,5.4000000000,"PAHO","PH"
377,"Cyprus",2009,19,1.7000000000,"CTS","CJ"
378,"Cyprus",2008,9,0.8000000000,"CTS","CJ"
379,"Cyprus",2007,13,1.2000000000,"CTS","CJ"
380,"Cyprus",2006,15,1.4000000000,"CTS","CJ"
381,"Cyprus",2005,20,1.9000000000,"CTS","CJ"
382,"Cyprus",2004,16,1.6000000000,"CTS","CJ"
383,"Czech Republic",2009,181,1.7000000000,"CTS","CJ"
384,"Czech Republic",2008,202,1.9000000000,"CTS","CJ"
385,"Czech Republic",2007,196,1.9000000000,"CTS","CJ"
386,"Czech Republic",2006,231,2.3000000000,"CTS","CJ"
387,"Czech Republic",2005,186,1.8000000000,"CTS","CJ"
388,"Czech Republic",2004,227,2.2000000000,"CTS","CJ"
389,"Czech Republic",2003,232,2.3000000000,"CTS","CJ"
390,"Czech Republic",2002,234,2.3000000000,"CTS","CJ"
391,"Czech Republic",2001,234,2.3000000000,"CTS","CJ"
392,"Czech Republic",2000,174,1.7000000000,"CTS","CJ"
393,"Czech Republic",1999,172,1.7000000000,"CTS","CJ"
394,"Czech Republic",1998,174,1.7000000000,"CTS","CJ"
395,"Czech Republic",1997,187,1.8000000000,"CTS","CJ"
396,"Czech Republic",1996,173,1.7000000000,"CTS","CJ"
397,"Czech Republic",1995,176,1.7000000000,"CTS","CJ"
398,"Democratic People's Republic of Korea",2008,3658,15.2000000000,"WHO","PH"
399,"Democratic Republic of the Congo",2008,13558,21.7000000000,"WHO","PH"
400,"Denmark",2009,47,0.9000000000,"CTS","CJ"
401,"Denmark",2008,54,1.0000000000,"CTS","CJ"
402,"Denmark",2007,39,0.7000000000,"CTS","CJ"
403,"Denmark",2006,29,0.5000000000,"CTS","CJ"
404,"Denmark",2005,53,1.0000000000,"CTS","CJ"
405,"Denmark",2004,43,0.8000000000,"CTS","CJ"
406,"Denmark",2003,65,1.2000000000,"CTS","CJ"
407,"Denmark",2002,56,1.0000000000,"CTS","CJ"
408,"Denmark",2001,52,1.0000000000,"CTS","CJ"
409,"Denmark",2000,58,1.1000000000,"CTS","CJ"
410,"Denmark",1999,52,1.0000000000,"CTS","CJ"
411,"Denmark",1998,49,0.9000000000,"CTS","CJ"
412,"Denmark",1997,88,1.7000000000,"CTS","CJ"
413,"Denmark",1996,69,1.3000000000,"CTS","CJ"
414,"Denmark",1995,60,1.1000000000,"CTS","CJ"
415,"Djibouti",2008,29,3.4000000000,"WHO","PH"
416,"Dominica",2010,15,22.1000000000,"OAS","CJ"
417,"Dominica",2009,13,19.1000000000,"OAS","CJ"
418,"Dominica",2008,7,10.3000000000,"OAS","CJ"
419,"Dominica",2007,7,10.2000000000,"OAS","CJ"
420,"Dominica",2006,5,7.3000000000,"OAS","CJ"
421,"Dominica",2005,8,11.6000000000,"OAS","CJ"
422,"Dominica",2004,8,11.6000000000,"OAS","CJ"
423,"Dominica",2003,8,11.6000000000,"OAS","CJ"
424,"Dominica",2002,9,13.0000000000,"OAS","CJ"
425,"Dominica",2001,1,1.4000000000,"OAS","CJ"
426,"Dominica",2000,2,2.9000000000,"OAS","CJ"
427,"Dominican Republic",2011,2513,25.0000000000,"NGO/SES","CJ"
428,"Dominican Republic",2010,2474,24.9000000000,"NGO/SES","CJ"
429,"Dominican Republic",2009,2375,24.2000000000,"NGO/SES","CJ"
430,"Dominican Republic",2008,2394,24.8000000000,"NGO/SES","CJ"
431,"Dominican Republic",2007,2111,22.1000000000,"NGO/SES","CJ"
432,"Dominican Republic",2006,2144,22.8000000000,"NGO/SES","CJ"
433,"Dominican Republic",2005,2394,25.8000000000,"NGO/SES","CJ"
434,"Dominican Republic",2004,2239,24.5000000000,"NGO/SES","CJ"
435,"Dominican Republic",2003,1902,21.1000000000,"NGO/SES","CJ"
436,"Dominican Republic",2002,1279,14.4000000000,"NGO/SES","CJ"
437,"Dominican Republic",2001,1095,12.5000000000,"NGO/SES","CJ"
438,"Dominican Republic",2000,1210,14.1000000000,"NGO/SES","CJ"
439,"Dominican Republic",1999,1066,12.6000000000,"NGO/SES","CJ"
440,"Dominican Republic",1998,1121,13.5000000000,"NGO/SES","CJ"
441,"Dominican Republic",1997,1038,12.7000000000,"NGO/SES","CJ"
442,"Dominican Republic",1996,1032,12.8000000000,"NGO/SES","CJ"
443,"Dominican Republic",1995,1007,12.7000000000,"NGO/SES","CJ"
444,"Ecuador",2010,2638,18.2000000000,"OAS/National police","CJ"
445,"Ecuador",2009,2625,18.4000000000,"OAS/National police","CJ"
446,"Ecuador",2008,2607,18.5000000000,"OAS/National police","CJ"
447,"Ecuador",2007,2273,16.4000000000,"OAS/National police","CJ"
448,"Ecuador",2006,2385,17.5000000000,"OAS/National police","CJ"
449,"Ecuador",2005,2121,15.8000000000,"OAS/National police","CJ"
450,"Ecuador",2004,2390,18.1000000000,"OAS/National police","CJ"
451,"Egypt",2009,992,1.2000000000,"CTS","CJ"
452,"Egypt",2008,793,1.0000000000,"CTS","CJ"
453,"Egypt",2007,672,0.9000000000,"CTS","CJ"
454,"Egypt",2006,292,0.4000000000,"CTS","CJ"
455,"Egypt",2005,522,0.7000000000,"CTS","CJ"
456,"Egypt",2004,322,0.4000000000,"CTS","CJ"
457,"Egypt",2003,471,0.7000000000,"CTS","CJ"
458,"El Salvador",2011,4308,69.2000000000,"National police/OAS","CJ"
459,"El Salvador",2010,4005,64.7000000000,"National police/OAS","CJ"
460,"El Salvador",2009,4349,70.6000000000,"National police/OAS","CJ"
461,"El Salvador",2008,3179,51.9000000000,"National police/OAS","CJ"
462,"El Salvador",2007,3497,57.3000000000,"National police/OAS","CJ"
463,"El Salvador",2006,3928,64.7000000000,"National police/OAS","CJ"
464,"El Salvador",2005,3778,62.4000000000,"National police/OAS","CJ"
465,"El Salvador",2004,3897,64.6000000000,"National police/OAS","CJ"
466,"El Salvador",2003,3356,55.9000000000,"National police/OAS","CJ"
467,"El Salvador",2002,2835,47.3000000000,"National police/OAS","CJ"
468,"El Salvador",2001,3590,60.2000000000,"National police/OAS","CJ"
469,"El Salvador",2000,3551,59.8000000000,"National police/OAS","CJ"
470,"El Salvador",1999,3845,65.0000000000,"National police/OAS","CJ"
471,"El Salvador",1998,5584,95.0000000000,"National police/OAS","CJ"
472,"El Salvador",1997,6573,112.6000000000,"National police/OAS","CJ"
473,"El Salvador",1996,6792,117.3000000000,"National police/OAS","CJ"
474,"El Salvador",1995,7977,139.1000000000,"National police/OAS","CJ"
475,"Equatorial Guinea",2008,137,20.7000000000,"WHO","PH"
476,"Eritrea",2008,879,17.8000000000,"WHO","PH"
477,"Estonia",2010,70,5.2000000000,"CTS/Eurostat","CJ"
478,"Estonia",2009,70,5.2000000000,"CTS/Eurostat","CJ"
479,"Estonia",2008,84,6.3000000000,"CTS/Eurostat","CJ"
480,"Estonia",2007,93,6.9000000000,"CTS/Eurostat","CJ"
481,"Estonia",2006,91,6.8000000000,"CTS/Eurostat","CJ"
482,"Estonia",2005,113,8.4000000000,"CTS/Eurostat","CJ"
483,"Estonia",2004,91,6.7000000000,"CTS/Eurostat","CJ"
484,"Estonia",2003,147,10.9000000000,"CTS/Eurostat","CJ"
485,"Estonia",2002,142,10.5000000000,"CTS/Eurostat","CJ"
486,"Estonia",2001,137,10.1000000000,"CTS/Eurostat","CJ"
487,"Estonia",2000,143,10.4000000000,"CTS/Eurostat","CJ"
488,"Estonia",1999,157,11.4000000000,"CTS/Eurostat","CJ"
489,"Estonia",1998,196,14.1000000000,"CTS/Eurostat","CJ"
490,"Estonia",1997,178,12.7000000000,"CTS/Eurostat","CJ"
491,"Estonia",1996,214,15.1000000000,"CTS/Eurostat","CJ"
492,"Estonia",1995,246,17.1000000000,"CTS/Eurostat","CJ"
493,"Ethiopia",2008,20239,25.5000000000,"WHO","PH"
494,"Fiji",2004,23,2.8000000000,"Interpol","CJ"
495,"Fiji",2003,25,3.1000000000,"Interpol","CJ"
496,"Finland",2010,118,2.2000000000,"CTS","CJ"
497,"Finland",2009,121,2.3000000000,"CTS","CJ"
498,"Finland",2008,133,2.5000000000,"CTS","CJ"
499,"Finland",2007,129,2.4000000000,"CTS","CJ"
500,"Finland",2006,120,2.3000000000,"CTS","CJ"
501,"Finland",2005,119,2.3000000000,"CTS","CJ"
502,"Finland",2004,148,2.8000000000,"CTS","CJ"
503,"Finland",2003,103,2.0000000000,"CTS","CJ"
504,"Finland",2002,132,2.5000000000,"CTS","CJ"
505,"Finland",2001,156,3.0000000000,"CTS","CJ"
506,"Finland",2000,148,2.9000000000,"CTS","CJ"
507,"Finland",1999,143,2.8000000000,"CTS","CJ"
508,"Finland",1998,113,2.2000000000,"CTS","CJ"
509,"Finland",1997,139,2.7000000000,"CTS","CJ"
510,"Finland",1996,153,3.0000000000,"CTS","CJ"
511,"Finland",1995,146,2.9000000000,"CTS","CJ"
512,"France",2009,682,1.1000000000,"CTS/Eurostat","CJ"
513,"France",2008,839,1.4000000000,"CTS/Eurostat","CJ"
514,"France",2007,826,1.3000000000,"CTS/Eurostat","CJ"
515,"France",2006,879,1.4000000000,"CTS/Eurostat","CJ"
516,"France",2005,976,1.6000000000,"CTS/Eurostat","CJ"
517,"France",2004,990,1.6000000000,"CTS/Eurostat","CJ"
518,"France",2003,987,1.6000000000,"CTS/Eurostat","CJ"
519,"France",2002,1119,1.9000000000,"CTS/Eurostat","CJ"
520,"France",2001,1046,1.8000000000,"CTS/Eurostat","CJ"
521,"France",2000,1051,1.8000000000,"CTS/Eurostat","CJ"
522,"France",1999,953,1.6000000000,"CTS/Eurostat","CJ"
523,"France",1998,961,1.6000000000,"CTS/Eurostat","CJ"
524,"France",1997,963,1.7000000000,"CTS/Eurostat","CJ"
525,"France",1996,1171,2.0000000000,"CTS/Eurostat","CJ"
526,"French Guiana",2009,30,13.3000000000,"National police","CJ"
527,"French Guiana",2008,32,14.6000000000,"National police","CJ"
528,"French Guiana",2007,28,13.1000000000,"National police","CJ"
529,"French Guiana",2006,42,20.1000000000,"National police","CJ"
530,"French Guiana",2005,45,22.3000000000,"National police","CJ"
531,"French Guiana",2004,58,29.8000000000,"National police","CJ"
532,"French Polynesia",2009,1,0.4000000000,"National police","CJ"
533,"French Polynesia",2008,9,3.4000000000,"National police","CJ"
534,"French Polynesia",2007,7,2.7000000000,"National police","CJ"
535,"French Polynesia",2006,3,1.2000000000,"National police","CJ"
536,"Gabon",2008,200,13.8000000000,"WHO","PH"
537,"Gambia",2008,176,10.8000000000,"WHO","PH"
538,"Georgia",2010,187,4.3000000000,"CTS/Transmonee","CJ"
539,"Georgia",2009,210,4.8000000000,"CTS/Transmonee","CJ"
540,"Georgia",2008,263,6.0000000000,"CTS/Transmonee","CJ"
541,"Georgia",2007,330,7.5000000000,"CTS/Transmonee","CJ"
542,"Georgia",2006,323,7.3000000000,"CTS/Transmonee","CJ"
543,"Georgia",2005,403,9.0000000000,"CTS/Transmonee","CJ"
544,"Georgia",2004,281,6.2000000000,"CTS/Transmonee","CJ"
545,"Georgia",2003,302,6.6000000000,"CTS/Transmonee","CJ"
546,"Georgia",2002,292,6.3000000000,"CTS/Transmonee","CJ"
547,"Georgia",2001,263,5.6000000000,"CTS/Transmonee","CJ"
548,"Georgia",2000,239,5.0000000000,"CTS/Transmonee","CJ"
549,"Georgia",1999,244,5.1000000000,"CTS/Transmonee","CJ"
550,"Georgia",1998,243,5.0000000000,"CTS/Transmonee","CJ"
551,"Georgia",1997,285,5.8000000000,"CTS/Transmonee","CJ"
552,"Georgia",1996,270,5.4000000000,"CTS/Transmonee","CJ"
553,"Georgia",1995,391,7.7000000000,"CTS/Transmonee","CJ"
554,"Germany",2010,690,0.8000000000,"CTS","CJ"
555,"Germany",2009,706,0.9000000000,"CTS","CJ"
556,"Germany",2008,722,0.9000000000,"CTS","CJ"
557,"Germany",2007,757,0.9000000000,"CTS","CJ"
558,"Germany",2006,808,1.0000000000,"CTS","CJ"
559,"Germany",2005,869,1.1000000000,"CTS","CJ"
560,"Germany",2004,868,1.1000000000,"CTS","CJ"
561,"Germany",2003,859,1.0000000000,"CTS","CJ"
562,"Germany",2002,955,1.2000000000,"CTS","CJ"
563,"Germany",2001,925,1.1000000000,"CTS","CJ"
564,"Germany",2000,1015,1.2000000000,"CTS","CJ"
565,"Germany",1999,1005,1.2000000000,"CTS","CJ"
566,"Germany",1998,975,1.2000000000,"CTS","CJ"
567,"Germany",1997,1178,1.4000000000,"CTS","CJ"
568,"Germany",1996,1249,1.5000000000,"CTS","CJ"
569,"Germany",1995,1372,1.7000000000,"CTS","CJ"
570,"Ghana",2008,3646,15.7000000000,"WHO","PH"
571,"Greece",2010,176,1.5000000000,"CTS/Eurostat","CJ"
572,"Greece",2009,143,1.3000000000,"CTS/Eurostat","CJ"
573,"Greece",2008,139,1.2000000000,"CTS/Eurostat","CJ"
574,"Greece",2007,128,1.1000000000,"CTS/Eurostat","CJ"
575,"Greece",2006,110,1.0000000000,"CTS/Eurostat","CJ"
576,"Greece",2005,132,1.2000000000,"CTS/Eurostat","CJ"
577,"Greece",2004,109,1.0000000000,"CTS/Eurostat","CJ"
578,"Greece",2003,122,1.1000000000,"CTS/Eurostat","CJ"
579,"Greece",2002,108,1.0000000000,"CTS/Eurostat","CJ"
580,"Greece",2001,139,1.3000000000,"CTS/Eurostat","CJ"
581,"Greece",2000,158,1.4000000000,"CTS/Eurostat","CJ"
582,"Greece",1999,155,1.4000000000,"CTS/Eurostat","CJ"
583,"Greece",1998,176,1.6000000000,"CTS/Eurostat","CJ"
584,"Greece",1997,203,1.9000000000,"CTS/Eurostat","CJ"
585,"Greece",1996,169,1.6000000000,"CTS/Eurostat","CJ"
586,"Greece",1995,151,1.4000000000,"CTS/Eurostat","CJ"
587,"Greenland",2009,11,19.2000000000,"NSO","CJ"
588,"Greenland",2008,6,10.5000000000,"NSO","CJ"
589,"Greenland",2007,2,3.5000000000,"NSO","CJ"
590,"Greenland",2006,10,17.5000000000,"NSO","CJ"
591,"Greenland",2005,10,17.5000000000,"NSO","CJ"
592,"Greenland",2004,11,19.3000000000,"NSO","CJ"
593,"Greenland",2003,5,8.8000000000,"NSO","CJ"
594,"Greenland",2002,12,21.2000000000,"NSO","CJ"
595,"Greenland",2001,17,30.1000000000,"NSO","CJ"
596,"Greenland",2000,13,23.1000000000,"NSO","CJ"
597,"Greenland",1999,11,19.6000000000,"NSO","CJ"
598,"Greenland",1998,6,10.7000000000,"NSO","CJ"
599,"Greenland",1997,11,19.7000000000,"NSO","CJ"
600,"Greenland",1996,3,5.4000000000,"NSO","CJ"
601,"Greenland",1995,11,19.8000000000,"NSO","CJ"
602,"Grenada",2010,12,11.5000000000,"OAS","CJ"
603,"Grenada",2009,7,6.7000000000,"OAS","CJ"
604,"Grenada",2008,14,13.5000000000,"OAS","CJ"
605,"Grenada",2007,11,10.6000000000,"OAS","CJ"
606,"Grenada",2006,12,11.6000000000,"OAS","CJ"
607,"Grenada",2005,11,10.7000000000,"OAS","CJ"
608,"Grenada",2004,6,5.9000000000,"OAS","CJ"
609,"Grenada",2003,9,8.8000000000,"OAS","CJ"
610,"Grenada",2002,14,13.7000000000,"OAS","CJ"
611,"Grenada",2001,6,5.9000000000,"OAS","CJ"
612,"Grenada",2000,15,14.8000000000,"OAS","CJ"
613,"Guadeloupe",2009,32,7.0000000000,"National police","CJ"
614,"Guadeloupe",2008,32,7.0000000000,"National police","CJ"
615,"Guadeloupe",2007,29,6.4000000000,"National police","CJ"
616,"Guadeloupe",2006,24,5.3000000000,"National police","CJ"
617,"Guadeloupe",2005,23,5.2000000000,"National police","CJ"
618,"Guadeloupe",2004,26,5.9000000000,"National police","CJ"
619,"Guam",2007,1,0.6000000000,"National police","CJ"
620,"Guam",2006,11,6.4000000000,"National police","CJ"
621,"Guam",2005,7,4.2000000000,"National police","CJ"
622,"Guam",2004,9,5.4000000000,"National police","CJ"
623,"Guam",2003,8,4.9000000000,"National police","CJ"
624,"Guam",2002,2,1.2000000000,"National police","CJ"
625,"Guam",2001,8,5.1000000000,"National police","CJ"
626,"Guam",2000,2,1.3000000000,"National police","CJ"
627,"Guatemala",2011,5681,38.5000000000,"CTS/National police","CJ"
628,"Guatemala",2010,5960,41.4000000000,"CTS/National police","CJ"
629,"Guatemala",2009,6498,46.3000000000,"CTS/National police","CJ"
630,"Guatemala",2008,6292,46.0000000000,"CTS/National police","CJ"
631,"Guatemala",2007,5781,43.3000000000,"CTS/National police","CJ"
632,"Guatemala",2006,5885,45.1000000000,"CTS/National police","CJ"
633,"Guatemala",2005,5338,42.0000000000,"CTS/National police","CJ"
634,"Guatemala",2004,4507,36.3000000000,"CTS/National police","CJ"
635,"Guatemala",2003,4237,35.0000000000,"CTS/National police","CJ"
636,"Guatemala",2002,3631,30.8000000000,"CTS/National police","CJ"
637,"Guatemala",2001,3230,28.1000000000,"CTS/National police","CJ"
638,"Guatemala",2000,2904,25.8000000000,"CTS/National police","CJ"
639,"Guatemala",1999,2655,24.2000000000,"CTS/National police","CJ"
640,"Guatemala",1998,3310,30.9000000000,"CTS/National police","CJ"
641,"Guatemala",1997,3998,38.1000000000,"CTS/National police","CJ"
642,"Guatemala",1996,3619,35.3000000000,"CTS/National police","CJ"
643,"Guatemala",1995,3260,32.5000000000,"CTS/National police","CJ"
644,"Guinea",2008,2152,22.5000000000,"WHO","PH"
645,"Guinea-Bissau",2008,294,20.2000000000,"WHO","PH"
646,"Guyana",2010,140,18.6000000000,"OAS/NSO","CJ"
647,"Guyana",2009,117,15.5000000000,"OAS/NSO","CJ"
648,"Guyana",2008,158,21.0000000000,"OAS/NSO","CJ"
649,"Guyana",2007,115,15.3000000000,"OAS/NSO","CJ"
650,"Guyana",2006,163,21.8000000000,"OAS/NSO","CJ"
651,"Guyana",2005,142,19.0000000000,"OAS/NSO","CJ"
652,"Guyana",2004,131,17.6000000000,"OAS/NSO","CJ"
653,"Guyana",2003,206,27.8000000000,"OAS/NSO","CJ"
654,"Guyana",2002,142,19.2000000000,"OAS/NSO","CJ"
655,"Guyana",2001,79,10.7000000000,"OAS/NSO","CJ"
656,"Guyana",2000,74,10.1000000000,"OAS/NSO","CJ"
657,"Guyana",1999,91,12.4000000000,"OAS/NSO","CJ"
658,"Guyana",1998,113,15.5000000000,"OAS/NSO","CJ"
659,"Guyana",1997,87,11.9000000000,"OAS/NSO","CJ"
660,"Guyana",1996,88,12.1000000000,"OAS/NSO","CJ"
661,"Guyana",1995,109,15.0000000000,"OAS/NSO","CJ"
662,"Haiti",2010,689,6.9000000000,"UN-PKO","CJ"
663,"Haiti",2009,602,6.1000000000,"UN-PKO","CJ"
664,"Haiti",2008,491,5.0000000000,"UN-PKO","CJ"
665,"Haiti",2007,486,5.1000000000,"UN-PKO","CJ"
666,"Honduras",2011,7104,91.6000000000,"OCAVI/National police","CJ"
667,"Honduras",2010,6239,82.1000000000,"OCAVI/National police","CJ"
668,"Honduras",2009,5265,70.7000000000,"OCAVI/National police","CJ"
669,"Honduras",2008,4473,61.3000000000,"OCAVI/National police","CJ"
670,"Honduras",2007,3262,45.6000000000,"OCAVI/National police","CJ"
671,"Honduras",2006,3018,43.0000000000,"OCAVI/National police","CJ"
672,"Honduras",2005,2417,35.1000000000,"OCAVI/National police","CJ"
673,"Honduras",2004,2155,32.0000000000,"OCAVI/National police","CJ"
674,"Honduras",2003,2224,33.6000000000,"OCAVI/National police","CJ"
675,"Honduras",2002,3629,56.0000000000,"OCAVI/National police","CJ"
676,"Honduras",2001,3488,55.0000000000,"OCAVI/National police","CJ"
677,"Honduras",2000,3176,51.1000000000,"OCAVI/National police","CJ"
678,"Honduras",1999,2563,42.1000000000,"OCAVI/National police","CJ"
679,"Hong Kong Special Administrative Region of China",2011,17,0.2000000000,"CTS/National police","CJ"
680,"Hong Kong Special Administrative Region of China",2010,35,0.5000000000,"CTS/National police","CJ"
681,"Hong Kong Special Administrative Region of China",2009,47,0.7000000000,"CTS/National police","CJ"
682,"Hong Kong Special Administrative Region of China",2008,37,0.5000000000,"CTS/National police","CJ"
683,"Hong Kong Special Administrative Region of China",2007,21,0.3000000000,"CTS/National police","CJ"
684,"Hong Kong Special Administrative Region of China",2006,36,0.5000000000,"CTS/National police","CJ"
685,"Hong Kong Special Administrative Region of China",2005,34,0.5000000000,"CTS/National police","CJ"
686,"Hong Kong Special Administrative Region of China",2004,45,0.7000000000,"CTS/National police","CJ"
687,"Hong Kong Special Administrative Region of China",2003,52,0.8000000000,"CTS/National police","CJ"
688,"Hong Kong Special Administrative Region of China",2002,69,1.0000000000,"CTS/National police","CJ"
689,"Hong Kong Special Administrative Region of China",2001,66,1.0000000000,"CTS/National police","CJ"
690,"Hungary",2010,133,1.3000000000,"CTS","CJ"
691,"Hungary",2009,139,1.4000000000,"CTS","CJ"
692,"Hungary",2008,146,1.5000000000,"CTS","CJ"
693,"Hungary",2007,154,1.5000000000,"CTS","CJ"
694,"Hungary",2006,174,1.7000000000,"CTS","CJ"
695,"Hungary",2005,164,1.6000000000,"CTS","CJ"
696,"Hungary",2004,209,2.1000000000,"CTS","CJ"
697,"Hungary",2003,236,2.3000000000,"CTS","CJ"
698,"Hungary",2002,203,2.0000000000,"CTS","CJ"
699,"Hungary",2001,254,2.5000000000,"CTS","CJ"
700,"Hungary",2000,205,2.0000000000,"CTS","CJ"
701,"Hungary",1999,253,2.5000000000,"CTS","CJ"
702,"Hungary",1998,289,2.8000000000,"CTS","CJ"
703,"Hungary",1997,289,2.8000000000,"CTS","CJ"
704,"Hungary",1996,271,2.6000000000,"CTS","CJ"
705,"Hungary",1995,296,2.9000000000,"CTS","CJ"
706,"Iceland",2009,1,0.3000000000,"CTS","CJ"
707,"Iceland",2008,0,0.0000000000,"CTS","CJ"
708,"Iceland",2007,2,0.7000000000,"CTS","CJ"
709,"Iceland",2006,0,0.0000000000,"CTS","CJ"
710,"Iceland",2005,3,1.0000000000,"CTS","CJ"
711,"Iceland",2004,3,1.0000000000,"CTS","CJ"
712,"Iceland",2003,0,0.0000000000,"CTS","CJ"
713,"Iceland",2002,4,1.4000000000,"CTS","CJ"
714,"Iceland",2001,1,0.4000000000,"CTS","CJ"
715,"Iceland",2000,5,1.8000000000,"CTS","CJ"
716,"Iceland",1999,2,0.7000000000,"CTS","CJ"
717,"India",2009,40752,3.4000000000,"National police","CJ"
718,"India",2008,40938,3.4000000000,"National police","CJ"
719,"India",2007,40411,3.4000000000,"National police","CJ"
720,"India",2006,40099,3.5000000000,"National police","CJ"
721,"India",2005,39506,3.5000000000,"National police","CJ"
722,"India",2004,40634,3.6000000000,"National police","CJ"
723,"India",2003,38924,3.5000000000,"National police","CJ"
724,"India",2002,42112,3.9000000000,"National police","CJ"
725,"India",2001,43053,4.0000000000,"National police","CJ"
726,"India",2000,44394,4.2000000000,"National police","CJ"
727,"India",1999,43869,4.2000000000,"National police","CJ"
728,"India",1998,45559,4.5000000000,"National police","CJ"
729,"India",1997,43549,4.4000000000,"National police","CJ"
730,"India",1996,43184,4.4000000000,"National police","CJ"
731,"India",1995,42112,4.4000000000,"National police","CJ"
732,"Indonesia",2008,18963,8.1000000000,"WHO","PH"
733,"Iran (Islamic Republic of)",2009,2215,3.0000000000,"NSO","CJ"
734,"Iraq",2008,608,2.0000000000,"WHO","PH"
735,"Ireland",2010,54,1.2000000000,"CTS/National police","CJ"
736,"Ireland",2009,56,1.3000000000,"CTS/National police","CJ"
737,"Ireland",2008,50,1.1000000000,"CTS/National police","CJ"
738,"Ireland",2007,77,1.8000000000,"CTS/National police","CJ"
739,"Ireland",2006,62,1.5000000000,"CTS/National police","CJ"
740,"Ireland",2005,52,1.3000000000,"CTS/National police","CJ"
741,"Ireland",2004,30,0.7000000000,"CTS/National police","CJ"
742,"Ireland",2003,45,1.1000000000,"CTS/National police","CJ"
743,"Ireland",2002,52,1.3000000000,"CTS/National police","CJ"
744,"Ireland",2001,52,1.3000000000,"CTS/National police","CJ"
745,"Ireland",2000,37,1.0000000000,"CTS/National police","CJ"
746,"Ireland",1999,38,1.0000000000,"CTS/National police","CJ"
747,"Ireland",1998,38,1.0000000000,"CTS/National police","CJ"
748,"Ireland",1997,38,1.0000000000,"CTS/National police","CJ"
749,"Ireland",1996,42,1.2000000000,"CTS/National police","CJ"
750,"Ireland",1995,43,1.2000000000,"CTS/National police","CJ"
751,"Israel",2011,159,2.1000000000,"CTS/NSO","CJ"
752,"Israel",2010,158,2.1000000000,"CTS/NSO","CJ"
753,"Israel",2009,156,2.1000000000,"CTS/NSO","CJ"
754,"Israel",2008,163,2.3000000000,"CTS/NSO","CJ"
755,"Israel",2007,134,1.9000000000,"CTS/NSO","CJ"
756,"Israel",2006,189,2.8000000000,"CTS/NSO","CJ"
757,"Israel",2005,163,2.5000000000,"CTS/NSO","CJ"
758,"Israel",2004,173,2.7000000000,"CTS/NSO","CJ"
759,"Israel",2003,206,3.2000000000,"CTS/NSO","CJ"
760,"Israel",2002,227,3.6000000000,"CTS/NSO","CJ"
761,"Israel",2001,223,3.6000000000,"CTS/NSO","CJ"
762,"Israel",2000,147,2.4000000000,"CTS/NSO","CJ"
763,"Israel",1999,137,2.3000000000,"CTS/NSO","CJ"
764,"Israel",1998,147,2.5000000000,"CTS/NSO","CJ"
765,"Israel",1997,156,2.8000000000,"CTS/NSO","CJ"
766,"Israel",1996,117,2.1000000000,"CTS/NSO","CJ"
767,"Israel",1995,112,2.1000000000,"CTS/NSO","CJ"
768,"Italy",2010,529,0.9000000000,"CTS","CJ"
769,"Italy",2009,590,1.0000000000,"CTS","CJ"
770,"Italy",2008,615,1.0000000000,"CTS","CJ"
771,"Italy",2007,631,1.1000000000,"CTS","CJ"
772,"Italy",2006,625,1.1000000000,"CTS","CJ"
773,"Italy",2005,610,1.0000000000,"CTS","CJ"
774,"Italy",2004,714,1.2000000000,"CTS","CJ"
775,"Italy",2003,719,1.2000000000,"CTS","CJ"
776,"Italy",2002,644,1.1000000000,"CTS","CJ"
777,"Italy",2001,709,1.2000000000,"CTS","CJ"
778,"Italy",2000,746,1.3000000000,"CTS","CJ"
779,"Italy",1999,805,1.4000000000,"CTS","CJ"
780,"Italy",1998,876,1.5000000000,"CTS","CJ"
781,"Italy",1997,873,1.5000000000,"CTS","CJ"
782,"Italy",1996,953,1.7000000000,"CTS","CJ"
783,"Italy",1995,1012,1.8000000000,"CTS","CJ"
784,"Jamaica",2010,1430,52.2000000000,"CTS/National police","CJ"
785,"Jamaica",2009,1682,61.6000000000,"CTS/National police","CJ"
786,"Jamaica",2008,1618,59.5000000000,"CTS/National police","CJ"
787,"Jamaica",2007,1583,58.4000000000,"CTS/National police","CJ"
788,"Jamaica",2006,1340,49.7000000000,"CTS/National police","CJ"
789,"Jamaica",2005,1674,62.4000000000,"CTS/National police","CJ"
790,"Jamaica",2004,1471,55.2000000000,"CTS/National police","CJ"
791,"Jamaica",2003,975,36.8000000000,"CTS/National police","CJ"
792,"Jamaica",2002,1045,39.8000000000,"CTS/National police","CJ"
793,"Jamaica",2001,1139,43.7000000000,"CTS/National police","CJ"
794,"Jamaica",2000,887,34.4000000000,"CTS/National police","CJ"
795,"Jamaica",1999,849,33.2000000000,"CTS/National police","CJ"
796,"Jamaica",1998,953,37.6000000000,"CTS/National police","CJ"
797,"Jamaica",1997,1038,41.4000000000,"CTS/National police","CJ"
798,"Jamaica",1996,925,37.2000000000,"CTS/National police","CJ"
799,"Jamaica",1995,780,31.7000000000,"CTS/National police","CJ"
800,"Japan",2009,506,0.4000000000,"CTS","CJ"
801,"Japan",2008,646,0.5000000000,"CTS","CJ"
802,"Japan",2007,574,0.5000000000,"CTS","CJ"
803,"Japan",2006,619,0.5000000000,"CTS","CJ"
804,"Japan",2005,643,0.5000000000,"CTS","CJ"
805,"Japan",2004,699,0.6000000000,"CTS","CJ"
806,"Japan",2003,697,0.6000000000,"CTS","CJ"
807,"Japan",2002,609,0.5000000000,"CTS","CJ"
808,"Japan",2001,645,0.5000000000,"CTS","CJ"
809,"Japan",2000,637,0.5000000000,"CTS","CJ"
810,"Japan",1999,674,0.5000000000,"CTS","CJ"
811,"Japan",1998,716,0.6000000000,"CTS","CJ"
812,"Japan",1997,677,0.5000000000,"CTS","CJ"
813,"Japan",1996,616,0.5000000000,"CTS","CJ"
814,"Japan",1995,677,0.5000000000,"CTS","CJ"
815,"Jordan",2006,100,1.8000000000,"CTS","CJ"
816,"Jordan",2005,67,1.3000000000,"CTS","CJ"
817,"Kazakhstan",2010,1418,8.8000000000,"Transmonee","CJ"
818,"Kazakhstan",2009,1638,10.3000000000,"Transmonee","CJ"
819,"Kazakhstan",2008,1680,10.7000000000,"Transmonee","CJ"
820,"Kazakhstan",2007,1677,10.8000000000,"Transmonee","CJ"
821,"Kazakhstan",2006,1760,11.5000000000,"Transmonee","CJ"
822,"Kazakhstan",2005,1848,12.2000000000,"Transmonee","CJ"
823,"Kazakhstan",2004,2091,13.9000000000,"Transmonee","CJ"
824,"Kazakhstan",2003,1991,13.3000000000,"Transmonee","CJ"
825,"Kazakhstan",2002,1967,13.2000000000,"Transmonee","CJ"
826,"Kazakhstan",2001,2160,14.5000000000,"Transmonee","CJ"
827,"Kazakhstan",2000,2325,15.5000000000,"Transmonee","CJ"
828,"Kazakhstan",1999,2374,15.7000000000,"Transmonee","CJ"
829,"Kazakhstan",1998,2531,16.6000000000,"Transmonee","CJ"
830,"Kazakhstan",1997,2581,16.7000000000,"Transmonee","CJ"
831,"Kazakhstan",1996,2625,16.7000000000,"Transmonee","CJ"
832,"Kazakhstan",1995,2447,15.4000000000,"Transmonee","CJ"
833,"Kenya",2008,7733,20.1000000000,"WHO","PH"
834,"Kiribati",2008,7,7.3000000000,"WHO","PH"
835,"Kuwait",2009,59,2.2000000000,"CTS","CJ"
836,"Kuwait",2008,57,2.2000000000,"CTS","CJ"
837,"Kuwait",2007,77,3.1000000000,"CTS","CJ"
838,"Kuwait",2006,42,1.8000000000,"CTS","CJ"
839,"Kuwait",2005,66,2.9000000000,"CTS","CJ"
840,"Kuwait",2004,99,4.5000000000,"CTS","CJ"
841,"Kyrgyzstan",2010,1072,20.1000000000,"CTS/Transmonee","CJ"
842,"Kyrgyzstan",2009,419,7.9000000000,"CTS/Transmonee","CJ"
843,"Kyrgyzstan",2008,417,8.0000000000,"CTS/Transmonee","CJ"
844,"Kyrgyzstan",2007,416,8.1000000000,"CTS/Transmonee","CJ"
845,"Kyrgyzstan",2006,446,8.8000000000,"CTS/Transmonee","CJ"
846,"Kyrgyzstan",2005,491,9.7000000000,"CTS/Transmonee","CJ"
847,"Kyrgyzstan",2004,419,8.3000000000,"CTS/Transmonee","CJ"
848,"Kyrgyzstan",2003,420,8.4000000000,"CTS/Transmonee","CJ"
849,"Kyrgyzstan",2002,411,8.2000000000,"CTS/Transmonee","CJ"
850,"Kyrgyzstan",2001,386,7.7000000000,"CTS/Transmonee","CJ"
851,"Kyrgyzstan",2000,413,8.3000000000,"CTS/Transmonee","CJ"
852,"Kyrgyzstan",1999,433,8.8000000000,"CTS/Transmonee","CJ"
853,"Kyrgyzstan",1998,425,8.8000000000,"CTS/Transmonee","CJ"
854,"Kyrgyzstan",1997,439,9.3000000000,"CTS/Transmonee","CJ"
855,"Kyrgyzstan",1996,519,11.1000000000,"CTS/Transmonee","CJ"
856,"Kyrgyzstan",1995,535,11.7000000000,"CTS/Transmonee","CJ"
857,"Lao People's Democratic Republic",2008,279,4.6000000000,"WHO","PH"
858,"Latvia",2010,70,3.1000000000,"CTS","CJ"
859,"Latvia",2009,108,4.8000000000,"CTS","CJ"
860,"Latvia",2008,99,4.4000000000,"CTS","CJ"
861,"Latvia",2007,94,4.1000000000,"CTS","CJ"
862,"Latvia",2006,128,5.6000000000,"CTS","CJ"
863,"Latvia",2005,126,5.5000000000,"CTS","CJ"
864,"Latvia",2004,202,8.7000000000,"CTS","CJ"
865,"Latvia",2003,214,9.2000000000,"CTS","CJ"
866,"Latvia",2002,219,9.3000000000,"CTS","CJ"
867,"Latvia",2001,238,10.1000000000,"CTS","CJ"
868,"Latvia",2000,229,9.6000000000,"CTS","CJ"
869,"Latvia",1999,250,10.4000000000,"CTS","CJ"
870,"Latvia",1998,272,11.2000000000,"CTS","CJ"
871,"Latvia",1997,268,11.0000000000,"CTS","CJ"
872,"Latvia",1996,288,11.7000000000,"CTS","CJ"
873,"Latvia",1995,348,14.0000000000,"CTS","CJ"
874,"Lebanon",2010,95,2.2000000000,"National police","CJ"
875,"Lebanon",2009,81,1.9000000000,"National police","CJ"
876,"Lebanon",2008,252,6.0000000000,"National police","CJ"
877,"Lebanon",2007,108,2.6000000000,"National police","CJ"
878,"Lebanon",2006,85,2.1000000000,"National police","CJ"
879,"Lebanon",2005,156,3.8000000000,"National police","CJ"
880,"Lebanon",2004,123,3.1000000000,"National police","CJ"
881,"Lesotho",2010,764,35.2000000000,"NSO","CJ"
882,"Lesotho",2009,720,33.5000000000,"NSO","CJ"
883,"Lesotho",2008,702,33.0000000000,"NSO","CJ"
884,"Liberia",2008,371,10.1000000000,"WHO","PH"
885,"Libyan Arab Jamahiriya",2008,176,2.9000000000,"WHO","PH"
886,"Liechtenstein",2009,1,2.8000000000,"Eurostat","CJ"
887,"Liechtenstein",2008,1,2.8000000000,"Eurostat","CJ"
888,"Liechtenstein",2007,0,0.0000000000,"Eurostat","CJ"
889,"Liechtenstein",2006,0,0.0000000000,"Eurostat","CJ"
890,"Liechtenstein",2005,0,0.0000000000,"Eurostat","CJ"
891,"Liechtenstein",2004,1,2.9000000000,"Eurostat","CJ"
892,"Liechtenstein",2003,0,0.0000000000,"Eurostat","CJ"
893,"Liechtenstein",2002,0,0.0000000000,"Eurostat","CJ"
894,"Liechtenstein",2001,0,0.0000000000,"Eurostat","CJ"
895,"Liechtenstein",2000,0,0.0000000000,"Eurostat","CJ"
896,"Liechtenstein",1999,1,3.1000000000,"Eurostat","CJ"
897,"Liechtenstein",1998,0,0.0000000000,"Eurostat","CJ"
898,"Liechtenstein",1997,0,0.0000000000,"Eurostat","CJ"
899,"Liechtenstein",1996,0,0.0000000000,"Eurostat","CJ"
900,"Lithuania",2010,219,6.6000000000,"CTS","CJ"
901,"Lithuania",2009,252,7.5000000000,"CTS","CJ"
902,"Lithuania",2008,298,8.9000000000,"CTS","CJ"
903,"Lithuania",2007,277,8.2000000000,"CTS","CJ"
904,"Lithuania",2006,288,8.5000000000,"CTS","CJ"
905,"Lithuania",2005,372,10.9000000000,"CTS","CJ"
906,"Lithuania",2004,343,10.0000000000,"CTS","CJ"
907,"Lithuania",2003,344,10.0000000000,"CTS","CJ"
908,"Lithuania",2002,293,8.5000000000,"CTS","CJ"
909,"Lithuania",2001,353,10.1000000000,"CTS","CJ"
910,"Lithuania",2000,370,10.6000000000,"CTS","CJ"
911,"Lithuania",1999,309,8.8000000000,"CTS","CJ"
912,"Lithuania",1998,311,8.8000000000,"CTS","CJ"
913,"Lithuania",1997,391,10.9000000000,"CTS","CJ"
914,"Lithuania",1996,405,11.2000000000,"CTS","CJ"
915,"Lithuania",1995,502,13.8000000000,"CTS","CJ"
916,"Luxembourg",2008,12,2.5000000000,"CTS","CJ"
917,"Luxembourg",2007,7,1.5000000000,"CTS","CJ"
918,"Luxembourg",2006,7,1.5000000000,"CTS","CJ"
919,"Macao Special Administrative Region of China",2010,4,0.7000000000,"NSO","CJ"
920,"Macao Special Administrative Region of China",2009,10,1.9000000000,"NSO","CJ"
921,"Macao Special Administrative Region of China",2008,8,1.5000000000,"NSO","CJ"
922,"Macao Special Administrative Region of China",2007,11,2.2000000000,"NSO","CJ"
923,"Macao Special Administrative Region of China",2006,11,2.2000000000,"NSO","CJ"
924,"Macao Special Administrative Region of China",2005,7,1.5000000000,"NSO","CJ"
925,"Macao Special Administrative Region of China",2004,10,2.1000000000,"NSO","CJ"
926,"Macao Special Administrative Region of China",2003,13,2.8000000000,"NSO","CJ"
927,"Macao Special Administrative Region of China",2000,22,5.1000000000,"NSO","CJ"
928,"Macao Special Administrative Region of China",1999,42,9.7000000000,"NSO","CJ"
929,"Macao Special Administrative Region of China",1998,26,6.1000000000,"NSO","CJ"
930,"Madagascar",2008,1588,8.1000000000,"WHO","PH"
931,"Malawi",2008,5039,36.0000000000,"WHO","PH"
932,"Malaysia",2006,604,2.3000000000,"CTS","CJ"
933,"Malaysia",2005,497,1.9000000000,"CTS","CJ"
934,"Malaysia",2000,551,2.4000000000,"CTS","CJ"
935,"Malaysia",1999,588,2.6000000000,"CTS","CJ"
936,"Malaysia",1998,629,2.8000000000,"CTS","CJ"
937,"Malaysia",1997,540,2.5000000000,"CTS","CJ"
938,"Malaysia",1996,447,2.1000000000,"CTS","CJ"
939,"Malaysia",1995,396,1.9000000000,"CTS","CJ"
940,"Maldives",2008,5,1.6000000000,"CTS","CJ"
941,"Maldives",2007,3,1.0000000000,"CTS","CJ"
942,"Mali",2008,1157,8.0000000000,"WHO","PH"
943,"Malta",2010,4,1.0000000000,"CTS","CJ"
944,"Malta",2009,4,1.0000000000,"CTS","CJ"
945,"Malta",2008,6,1.4000000000,"CTS","CJ"
946,"Malta",2007,4,1.0000000000,"CTS","CJ"
947,"Malta",2006,0,0.0000000000,"CTS","CJ"
948,"Malta",2005,4,1.0000000000,"CTS","CJ"
949,"Malta",2004,7,1.7000000000,"CTS","CJ"
950,"Malta",2003,0,0.0000000000,"CTS","CJ"
951,"Malta",2002,6,1.5000000000,"CTS","CJ"
952,"Malta",2001,6,1.5000000000,"CTS","CJ"
953,"Martinique",2009,17,4.2000000000,"National police","CJ"
954,"Martinique",2008,17,4.2000000000,"National police","CJ"
955,"Martinique",2007,23,5.7000000000,"National police","CJ"
956,"Martinique",2006,23,5.8000000000,"National police","CJ"
957,"Martinique",2005,19,4.8000000000,"National police","CJ"
958,"Mauritania",2008,485,14.7000000000,"WHO","PH"
959,"Mauritius",2010,33,2.5000000000,"CTS","CJ"
960,"Mauritius",2009,38,2.9000000000,"CTS","CJ"
961,"Mauritius",2008,48,3.7000000000,"CTS","CJ"
962,"Mauritius",2007,45,3.5000000000,"CTS","CJ"
963,"Mauritius",2006,50,3.9000000000,"CTS","CJ"
964,"Mauritius",2005,37,2.9000000000,"CTS","CJ"
965,"Mauritius",2004,35,2.8000000000,"CTS","CJ"
966,"Mauritius",2003,36,2.9000000000,"CTS","CJ"
967,"Mauritius",2002,30,2.5000000000,"CTS","CJ"
968,"Mauritius",2001,28,2.3000000000,"CTS","CJ"
969,"Mauritius",2000,26,2.2000000000,"CTS","CJ"
970,"Mauritius",1999,23,1.9000000000,"CTS","CJ"
971,"Mauritius",1998,31,2.6000000000,"CTS","CJ"
972,"Mauritius",1997,24,2.1000000000,"CTS","CJ"
973,"Mauritius",1996,34,3.0000000000,"CTS","CJ"
974,"Mauritius",1995,25,2.2000000000,"CTS","CJ"
975,"Mexico",2010,25757,22.7000000000,"NSO","CJ"
976,"Mexico",2009,19803,17.7000000000,"NSO","CJ"
977,"Mexico",2008,14006,12.7000000000,"NSO","CJ"
978,"Mexico",2007,8867,8.1000000000,"NSO","CJ"
979,"Mexico",2006,10452,9.7000000000,"NSO","CJ"
980,"Mexico",2005,9921,9.3000000000,"NSO","CJ"
981,"Mexico",2004,9329,8.9000000000,"NSO","CJ"
982,"Mexico",2003,10087,9.7000000000,"NSO","CJ"
983,"Mexico",2002,10088,9.8000000000,"NSO","CJ"
984,"Mexico",2001,10285,10.2000000000,"NSO","CJ"
985,"Mexico",2000,10737,10.7000000000,"NSO","CJ"
986,"Mexico",1999,12249,12.4000000000,"NSO","CJ"
987,"Mexico",1998,13656,14.1000000000,"NSO","CJ"
988,"Mexico",1997,13552,14.2000000000,"NSO","CJ"
989,"Mexico",1996,14505,15.5000000000,"NSO","CJ"
990,"Mexico",1995,15612,16.9000000000,"NSO","CJ"
991,"Micronesia (Federated States of)",2008,1,0.9000000000,"WHO","PH"
992,"Monaco",2008,0,0.0000000000,"CTS","CJ"
993,"Monaco",2007,0,0.0000000000,"CTS","CJ"
994,"Monaco",2006,1,2.8000000000,"CTS","CJ"
995,"Monaco",2005,1,2.8000000000,"CTS","CJ"
996,"Monaco",2004,1,2.8000000000,"CTS","CJ"
997,"Mongolia",2010,239,8.7000000000,"CTS","CJ"
998,"Mongolia",2009,219,8.1000000000,"CTS","CJ"
999,"Mongolia",2008,212,7.9000000000,"CTS","CJ"
1000,"Mongolia",2007,293,11.2000000000,"CTS","CJ"
1001,"Mongolia",2006,336,13.0000000000,"CTS","CJ"
1002,"Mongolia",2005,398,15.6000000000,"CTS","CJ"
1003,"Mongolia",2004,333,13.2000000000,"CTS","CJ"
1004,"Montenegro",2009,22,3.5000000000,"CTS","CJ"
1005,"Montenegro",2008,23,3.7000000000,"CTS","CJ"
1006,"Montenegro",2007,10,1.6000000000,"CTS","CJ"
1007,"Montenegro",2006,25,4.0000000000,"CTS","CJ"
1008,"Montenegro",2005,22,3.5000000000,"CTS","CJ"
1009,"Montenegro",2004,14,2.2000000000,"CTS","CJ"
1010,"Montenegro",2003,20,3.2000000000,"CTS","CJ"
1011,"Montserrat",2008,1,19.7000000000,"PAHO","PH"
1012,"Montserrat",2006,1,21.6000000000,"PAHO","PH"
1013,"Montserrat",2005,1,22.1000000000,"PAHO","PH"
1014,"Montserrat",2003,0,0.0000000000,"PAHO","PH"
1015,"Montserrat",2002,0,0.0000000000,"PAHO","PH"
1016,"Montserrat",2001,0,0.0000000000,"PAHO","PH"
1017,"Montserrat",2000,0,0.0000000000,"PAHO","PH"
1018,"Montserrat",1999,0,0.0000000000,"PAHO","PH"
1019,"Montserrat",1998,2,29.6000000000,"PAHO","PH"
1020,"Montserrat",1997,0,0.0000000000,"PAHO","PH"
1021,"Montserrat",1996,1,12.6000000000,"PAHO","PH"
1022,"Morocco",2010,447,1.4000000000,"CTS","CJ"
1023,"Morocco",2009,432,1.4000000000,"CTS","CJ"
1024,"Morocco",2008,426,1.4000000000,"CTS","CJ"
1025,"Morocco",2007,517,1.7000000000,"CTS","CJ"
1026,"Morocco",2006,498,1.6000000000,"CTS","CJ"
1027,"Morocco",2005,469,1.5000000000,"CTS","CJ"
1028,"Morocco",2004,470,1.6000000000,"CTS","CJ"
1029,"Morocco",2003,510,1.7000000000,"CTS","CJ"
1030,"Morocco",2002,462,1.6000000000,"CTS","CJ"
1031,"Morocco",2001,543,1.9000000000,"CTS","CJ"
1032,"Morocco",2000,461,1.6000000000,"CTS","CJ"
1033,"Morocco",1999,540,1.9000000000,"CTS","CJ"
1034,"Mozambique",2007,1925,8.8000000000,"Non-Governmental","PH"
1035,"Myanmar",2008,4800,10.2000000000,"WHO","PH"
1036,"Namibia",2004,352,17.2000000000,"National police/Interpol","CJ"
1037,"Namibia",2002,346,17.5000000000,"National police/Interpol","CJ"
1038,"Namibia",2001,353,18.2000000000,"National police/Interpol","CJ"
1039,"Namibia",2000,380,20.0000000000,"National police/Interpol","CJ"
1040,"Namibia",1999,379,20.5000000000,"National police/Interpol","CJ"
1041,"Namibia",1998,407,22.6000000000,"National police/Interpol","CJ"
1042,"Namibia",1997,327,18.7000000000,"National police/Interpol","CJ"
1043,"Namibia",1996,353,20.8000000000,"National police/Interpol","CJ"
1044,"Namibia",1995,373,22.6000000000,"National police/Interpol","CJ"
1045,"Nauru",2008,1,9.8000000000,"WHO","PH"
1046,"Nepal",2009,818,2.8000000000,"NSO","CJ"
1047,"Nepal",2008,917,3.2000000000,"NSO","CJ"
1048,"Nepal",2007,870,3.1000000000,"NSO","CJ"
1049,"Nepal",2006,633,2.3000000000,"NSO","CJ"
1050,"Nepal",2005,913,3.3000000000,"NSO","CJ"
1051,"Nepal",2004,936,3.5000000000,"NSO","CJ"
1052,"Nepal",2003,757,2.9000000000,"NSO","CJ"
1053,"Nepal",2002,858,3.4000000000,"NSO","CJ"
1054,"Nepal",2001,848,3.4000000000,"NSO","CJ"
1055,"Nepal",2000,635,2.6000000000,"NSO","CJ"
1056,"Nepal",1999,630,2.6000000000,"NSO","CJ"
1057,"Nepal",1998,650,2.8000000000,"NSO","CJ"
1058,"Nepal",1997,575,2.5000000000,"NSO","CJ"
1059,"Netherlands",2009,179,1.1000000000,"Eurostat","CJ"
1060,"Netherlands",2008,176,1.1000000000,"Eurostat","CJ"
1061,"Netherlands",2007,164,1.0000000000,"Eurostat","CJ"
1062,"Netherlands",2006,159,1.0000000000,"Eurostat","CJ"
1063,"Netherlands",2005,197,1.2000000000,"Eurostat","CJ"
1064,"Netherlands",2004,223,1.4000000000,"Eurostat","CJ"
1065,"Netherlands",2003,247,1.5000000000,"Eurostat","CJ"
1066,"Netherlands",2002,224,1.4000000000,"Eurostat","CJ"
1067,"Netherlands",2001,264,1.7000000000,"Eurostat","CJ"
1068,"Netherlands",2000,223,1.4000000000,"Eurostat","CJ"
1069,"Netherlands",1999,230,1.5000000000,"Eurostat","CJ"
1070,"Netherlands",1998,208,1.3000000000,"Eurostat","CJ"
1071,"Netherlands",1997,237,1.5000000000,"Eurostat","CJ"
1072,"Netherlands",1996,240,1.5000000000,"Eurostat","CJ"
1073,"Netherlands",1995,299,1.9000000000,"Eurostat","CJ"
1074,"New Zealand",2011,39,0.9000000000,"National police","CJ"
1075,"New Zealand",2010,46,1.1000000000,"National police","CJ"
1076,"New Zealand",2009,65,1.5000000000,"National police","CJ"
1077,"New Zealand",2008,52,1.2000000000,"National police","CJ"
1078,"New Zealand",2007,48,1.1000000000,"National police","CJ"
1079,"New Zealand",2006,49,1.2000000000,"National police","CJ"
1080,"New Zealand",2005,61,1.5000000000,"National police","CJ"
1081,"New Zealand",2004,45,1.1000000000,"National police","CJ"
1082,"New Zealand",2003,44,1.1000000000,"National police","CJ"
1083,"New Zealand",2002,60,1.5000000000,"National police","CJ"
1084,"New Zealand",2001,51,1.3000000000,"National police","CJ"
1085,"New Zealand",2000,52,1.3000000000,"National police","CJ"
1086,"New Zealand",1999,45,1.2000000000,"National police","CJ"
1087,"New Zealand",1998,49,1.3000000000,"National police","CJ"
1088,"New Zealand",1997,60,1.6000000000,"National police","CJ"
1089,"New Zealand",1996,48,1.3000000000,"National police","CJ"
1090,"New Zealand",1995,40,1.1000000000,"National police","CJ"
1091,"Nicaragua",2010,785,13.6000000000,"National police","CJ"
1092,"Nicaragua",2009,802,14.0000000000,"National police","CJ"
1093,"Nicaragua",2008,736,13.1000000000,"National police","CJ"
1094,"Nicaragua",2007,714,12.8000000000,"National police","CJ"
1095,"Nicaragua",2006,722,13.1000000000,"National police","CJ"
1096,"Nicaragua",2005,729,13.4000000000,"National police","CJ"
1097,"Nicaragua",2004,646,12.1000000000,"National police","CJ"
1098,"Nicaragua",2003,635,12.0000000000,"National police","CJ"
1099,"Nicaragua",2002,554,10.6000000000,"National police","CJ"
1100,"Nicaragua",2001,537,10.4000000000,"National police","CJ"
1101,"Nicaragua",2000,476,9.4000000000,"National police","CJ"
1102,"Nicaragua",1999,561,11.2000000000,"National police","CJ"
1103,"Nicaragua",1998,639,13.0000000000,"National police","CJ"
1104,"Nicaragua",1997,679,14.1000000000,"National police","CJ"
1105,"Nicaragua",1996,662,14.0000000000,"National police","CJ"
1106,"Nicaragua",1995,707,15.2000000000,"National police","CJ"
1107,"Niger",2008,552,3.8000000000,"WHO","PH"
1108,"Nigeria",2008,18422,12.2000000000,"WHO","PH"
1109,"Norway",2010,29,0.6000000000,"CTS/Eurostat","CJ"
1110,"Norway",2009,29,0.6000000000,"CTS/Eurostat","CJ"
1111,"Norway",2008,34,0.7000000000,"CTS/Eurostat","CJ"
1112,"Norway",2007,30,0.6000000000,"CTS/Eurostat","CJ"
1113,"Norway",2006,33,0.7000000000,"CTS/Eurostat","CJ"
1114,"Norway",2005,33,0.7000000000,"CTS/Eurostat","CJ"
1115,"Norway",2004,36,0.8000000000,"CTS/Eurostat","CJ"
1116,"Norway",2003,51,1.1000000000,"CTS/Eurostat","CJ"
1117,"Norway",2002,46,1.0000000000,"CTS/Eurostat","CJ"
1118,"Norway",2001,37,0.8000000000,"CTS/Eurostat","CJ"
1119,"Norway",2000,49,1.1000000000,"CTS/Eurostat","CJ"
1120,"Norway",1999,37,0.8000000000,"CTS/Eurostat","CJ"
1121,"Norway",1998,38,0.9000000000,"CTS/Eurostat","CJ"
1122,"Norway",1997,38,0.9000000000,"CTS/Eurostat","CJ"
1123,"Norway",1996,43,1.0000000000,"CTS/Eurostat","CJ"
1124,"Norway",1995,43,1.0000000000,"CTS/Eurostat","CJ"
1125,"Occupied Palestinian Territory",2005,145,4.1000000000,"CTS","CJ"
1126,"Occupied Palestinian Territory",2004,145,4.2000000000,"CTS","CJ"
1127,"Occupied Palestinian Territory",2003,94,2.7000000000,"CTS","CJ"
1128,"Occupied Palestinian Territory",1999,54,1.7000000000,"CTS","CJ"
1129,"Occupied Palestinian Territory",1998,45,1.5000000000,"CTS","CJ"
1130,"Occupied Palestinian Territory",1997,45,1.6000000000,"CTS","CJ"
1131,"Occupied Palestinian Territory",1996,120,4.4000000000,"CTS","CJ"
1132,"Occupied Palestinian Territory",1995,31,1.2000000000,"CTS","CJ"
1133,"Oman",2008,18,0.7000000000,"CTS","CJ"
1134,"Oman",2007,18,0.7000000000,"CTS","CJ"
1135,"Oman",2002,15,0.7000000000,"CTS","CJ"
1136,"Oman",2001,13,0.6000000000,"CTS","CJ"
1137,"Pakistan",2011,13860,7.8000000000,"NSO","CJ"
1138,"Pakistan",2010,13208,7.6000000000,"NSO","CJ"
1139,"Pakistan",2009,12491,7.3000000000,"NSO","CJ"
1140,"Pakistan",2008,12059,7.2000000000,"NSO","CJ"
1141,"Pakistan",2007,10556,6.4000000000,"NSO","CJ"
1142,"Pakistan",2006,10048,6.2000000000,"NSO","CJ"
1143,"Pakistan",2005,9631,6.1000000000,"NSO","CJ"
1144,"Pakistan",2004,9719,6.2000000000,"NSO","CJ"
1145,"Pakistan",2003,9346,6.1000000000,"NSO","CJ"
1146,"Pakistan",2002,9396,6.2000000000,"NSO","CJ"
1147,"Pakistan",2001,9528,6.5000000000,"NSO","CJ"
1148,"Pakistan",2000,8906,6.2000000000,"NSO","CJ"
1149,"Pakistan",1999,9332,6.6000000000,"NSO","CJ"
1150,"Pakistan",1998,10246,7.4000000000,"NSO","CJ"
1151,"Pakistan",1997,9304,6.9000000000,"NSO","CJ"
1152,"Pakistan",1996,9062,6.9000000000,"NSO","CJ"
1153,"Palau",2008,0,0.0000000000,"WHO","PH"
1154,"Panama",2010,759,21.6000000000,"National police","CJ"
1155,"Panama",2009,818,23.6000000000,"National police","CJ"
1156,"Panama",2008,654,19.2000000000,"National police","CJ"
1157,"Panama",2007,444,13.3000000000,"National police","CJ"
1158,"Panama",2006,371,11.3000000000,"National police","CJ"
1159,"Panama",2005,364,11.2000000000,"National police","CJ"
1160,"Panama",2004,308,9.7000000000,"National police","CJ"
1161,"Panama",2003,338,10.8000000000,"National police","CJ"
1162,"Panama",2002,380,12.4000000000,"National police","CJ"
1163,"Panama",2001,306,10.2000000000,"National police","CJ"
1164,"Panama",2000,299,10.1000000000,"National police","CJ"
1165,"Panama",1999,285,9.8000000000,"National police","CJ"
1166,"Panama",1998,281,9.9000000000,"National police","CJ"
1167,"Panama",1997,315,11.3000000000,"National police","CJ"
1168,"Panama",1996,248,9.1000000000,"National police","CJ"
1169,"Panama",1995,377,14.1000000000,"National police","CJ"
1170,"Papua New Guinea",2008,854,13.0000000000,"WHO","PH"
1171,"Paraguay",2010,741,11.5000000000,"OAS","CJ"
1172,"Paraguay",2009,848,13.4000000000,"OAS","CJ"
1173,"Paraguay",2008,942,15.1000000000,"OAS","CJ"
1174,"Paraguay",2007,906,14.8000000000,"OAS","CJ"
1175,"Paraguay",2006,742,12.3000000000,"OAS","CJ"
1176,"Paraguay",2005,887,15.0000000000,"OAS","CJ"
1177,"Paraguay",2004,1209,20.9000000000,"OAS","CJ"
1178,"Paraguay",2003,1285,22.6000000000,"OAS","CJ"
1179,"Paraguay",2002,1372,24.7000000000,"OAS","CJ"
1180,"Paraguay",2001,1314,24.1000000000,"OAS","CJ"
1181,"Peru",2009,2969,10.3000000000,"CTS","CJ"
1182,"Peru",2008,3332,11.7000000000,"CTS","CJ"
1183,"Peru",2007,2943,10.4000000000,"CTS","CJ"
1184,"Peru",2006,3141,11.3000000000,"CTS","CJ"
1185,"Peru",2005,3057,11.1000000000,"CTS","CJ"
1186,"Peru",2004,1526,5.6000000000,"CTS","CJ"
1187,"Philippines",2009,4947,5.4000000000,"CTS","CJ"
1188,"Philippines",2008,5820,6.5000000000,"CTS","CJ"
1189,"Philippines",2007,5962,6.7000000000,"CTS","CJ"
1190,"Philippines",2006,6196,7.1000000000,"CTS","CJ"
1191,"Philippines",2005,6434,7.5000000000,"CTS","CJ"
1192,"Philippines",2004,6344,7.6000000000,"CTS","CJ"
1193,"Philippines",2003,6436,7.8000000000,"CTS","CJ"
1194,"Philippines",2002,6553,8.1000000000,"CTS","CJ"
1195,"Philippines",2001,5852,7.4000000000,"CTS","CJ"
1196,"Philippines",2000,5735,7.4000000000,"CTS","CJ"
1197,"Philippines",1999,5703,7.5000000000,"CTS","CJ"
1198,"Philippines",1998,5913,8.0000000000,"CTS","CJ"
1199,"Poland",2010,436,1.1000000000,"CTS","CJ"
1200,"Poland",2009,493,1.3000000000,"CTS","CJ"
1201,"Poland",2008,460,1.2000000000,"CTS","CJ"
1202,"Poland",2007,525,1.4000000000,"CTS","CJ"
1203,"Poland",2006,490,1.3000000000,"CTS","CJ"
1204,"Poland",2005,555,1.5000000000,"CTS","CJ"
1205,"Poland",2004,633,1.7000000000,"CTS","CJ"
1206,"Poland",2003,662,1.7000000000,"CTS","CJ"
1207,"Poland",2002,716,1.9000000000,"CTS","CJ"
1208,"Poland",2001,776,2.0000000000,"CTS","CJ"
1209,"Poland",2000,2170,5.7000000000,"CTS","CJ"
1210,"Poland",1999,1820,4.7000000000,"CTS","CJ"
1211,"Poland",1998,1869,4.9000000000,"CTS","CJ"
1212,"Poland",1997,807,2.1000000000,"CTS","CJ"
1213,"Poland",1996,873,2.3000000000,"CTS","CJ"
1214,"Poland",1995,853,2.2000000000,"CTS","CJ"
1215,"Portugal",2010,124,1.2000000000,"CTS/Eurostat","CJ"
1216,"Portugal",2009,130,1.2000000000,"CTS/Eurostat","CJ"
1217,"Portugal",2008,124,1.2000000000,"CTS/Eurostat","CJ"
1218,"Portugal",2007,185,1.7000000000,"CTS/Eurostat","CJ"
1219,"Portugal",2006,155,1.5000000000,"CTS/Eurostat","CJ"
1220,"Portugal",2005,135,1.3000000000,"CTS/Eurostat","CJ"
1221,"Portugal",2004,144,1.4000000000,"CTS/Eurostat","CJ"
1222,"Portugal",2003,149,1.4000000000,"CTS/Eurostat","CJ"
1223,"Portugal",2002,119,1.1000000000,"CTS/Eurostat","CJ"
1224,"Portugal",2001,105,1.0000000000,"CTS/Eurostat","CJ"
1225,"Portugal",2000,116,1.1000000000,"CTS/Eurostat","CJ"
1226,"Portugal",1999,109,1.1000000000,"CTS/Eurostat","CJ"
1227,"Portugal",1998,125,1.2000000000,"CTS/Eurostat","CJ"
1228,"Portugal",1997,114,1.1000000000,"CTS/Eurostat","CJ"
1229,"Portugal",1996,106,1.0000000000,"CTS/Eurostat","CJ"
1230,"Puerto Rico",2010,983,26.2000000000,"National police","CJ"
1231,"Puerto Rico",2009,894,23.8000000000,"National police","CJ"
1232,"Puerto Rico",2008,807,21.5000000000,"National police","CJ"
1233,"Puerto Rico",2007,731,19.4000000000,"National police","CJ"
1234,"Puerto Rico",2006,748,19.8000000000,"National police","CJ"
1235,"Puerto Rico",2005,771,20.4000000000,"National police","CJ"
1236,"Puerto Rico",2004,797,21.0000000000,"National police","CJ"
1237,"Puerto Rico",2003,787,20.7000000000,"National police","CJ"
1238,"Puerto Rico",2002,781,20.5000000000,"National police","CJ"
1239,"Puerto Rico",2001,747,19.6000000000,"National police","CJ"
1240,"Puerto Rico",2000,695,18.2000000000,"National police","CJ"
1241,"Puerto Rico",1999,593,15.6000000000,"National police","CJ"
1242,"Puerto Rico",1998,652,17.2000000000,"National police","CJ"
1243,"Puerto Rico",1997,724,19.3000000000,"National police","CJ"
1244,"Puerto Rico",1996,868,23.3000000000,"National police","CJ"
1245,"Puerto Rico",1995,864,23.3000000000,"National police","CJ"
1246,"Qatar",2008,13,0.9000000000,"CTS","CJ"
1247,"Qatar",2007,30,2.5000000000,"CTS","CJ"
1248,"Qatar",2006,2,0.2000000000,"CTS","CJ"
1249,"Qatar",2005,6,0.7000000000,"CTS","CJ"
1250,"Qatar",2004,6,0.8000000000,"CTS","CJ"
1251,"Qatar",2003,4,0.6000000000,"CTS","CJ"
1252,"Qatar",2000,1,0.2000000000,"CTS","CJ"
1253,"Qatar",1999,3,0.5000000000,"CTS","CJ"
1254,"Qatar",1998,5,0.9000000000,"CTS","CJ"
1255,"Republic of Korea",2010,1251,2.6000000000,"National police","CJ"
1256,"Republic of Korea",2009,1374,2.9000000000,"National police","CJ"
1257,"Republic of Korea",2008,1109,2.3000000000,"National police","CJ"
1258,"Republic of Korea",2007,1104,2.3000000000,"National police","CJ"
1259,"Republic of Korea",2006,1074,2.3000000000,"National police","CJ"
1260,"Republic of Korea",2005,1061,2.3000000000,"National police","CJ"
1261,"Republic of Korea",2004,1084,2.3000000000,"National police","CJ"
1262,"Republic of Korea",2003,998,2.1000000000,"National police","CJ"
1263,"Republic of Korea",2002,957,2.1000000000,"National police","CJ"
1264,"Republic of Korea",2001,1051,2.3000000000,"National police","CJ"
1265,"Republic of Korea",2000,941,2.0000000000,"National police","CJ"
1266,"Republic of Moldova",2010,267,7.5000000000,"CTS","CJ"
1267,"Republic of Moldova",2009,246,6.8000000000,"CTS","CJ"
1268,"Republic of Moldova",2008,236,6.5000000000,"CTS","CJ"
1269,"Republic of Moldova",2007,217,5.9000000000,"CTS","CJ"
1270,"Republic of Moldova",2006,262,7.1000000000,"CTS","CJ"
1271,"Republic of Moldova",2005,296,7.9000000000,"CTS","CJ"
1272,"Republic of Moldova",2004,277,7.2000000000,"CTS","CJ"
1273,"Republic of Moldova",2003,319,8.2000000000,"CTS","CJ"
1274,"Republic of Moldova",2002,399,10.1000000000,"CTS","CJ"
1275,"Republic of Moldova",2001,410,10.1000000000,"CTS","CJ"
1276,"Republic of Moldova",2000,433,10.5000000000,"CTS","CJ"
1277,"Republic of Moldova",1999,380,9.1000000000,"CTS","CJ"
1278,"Republic of Moldova",1998,357,8.5000000000,"CTS","CJ"
1279,"Republic of Moldova",1997,398,9.3000000000,"CTS","CJ"
1280,"Republic of Moldova",1996,400,9.3000000000,"CTS","CJ"
1281,"Republic of Moldova",1995,395,9.1000000000,"CTS","CJ"
1282,"Romania",2009,421,2.0000000000,"Eurostat","CJ"
1283,"Romania",2008,493,2.3000000000,"Eurostat","CJ"
1284,"Romania",2007,416,1.9000000000,"Eurostat","CJ"
1285,"Romania",2006,438,2.0000000000,"Eurostat","CJ"
1286,"Romania",2005,453,2.1000000000,"Eurostat","CJ"
1287,"Romania",2004,516,2.4000000000,"Eurostat","CJ"
1288,"Romania",2003,551,2.5000000000,"Eurostat","CJ"
1289,"Romania",2002,563,2.6000000000,"Eurostat","CJ"
1290,"Romania",2001,597,2.7000000000,"Eurostat","CJ"
1291,"Romania",2000,581,2.6000000000,"Eurostat","CJ"
1292,"Romania",1999,566,2.5000000000,"Eurostat","CJ"
1293,"Romania",1998,559,2.5000000000,"Eurostat","CJ"
1294,"Romania",1997,693,3.1000000000,"Eurostat","CJ"
1295,"Romania",1996,722,3.2000000000,"Eurostat","CJ"
1296,"Romania",1995,758,3.3000000000,"Eurostat","CJ"
1297,"Russian Federation",2010,14574,10.2000000000,"CTS","CJ"
1298,"Russian Federation",2009,15954,11.2000000000,"CTS","CJ"
1299,"Russian Federation",2008,16617,11.6000000000,"CTS","CJ"
1300,"Russian Federation",2007,18301,12.8000000000,"CTS","CJ"
1301,"Russian Federation",2006,22195,15.5000000000,"CTS","CJ"
1302,"Russian Federation",2005,25439,17.7000000000,"CTS","CJ"
1303,"Russian Federation",2004,27343,18.9000000000,"CTS","CJ"
1304,"Rwanda",2008,1708,17.1000000000,"WHO","PH"
1305,"Saint Kitts and Nevis",2010,20,38.2000000000,"OAS/National police","CJ"
1306,"Saint Kitts and Nevis",2009,27,52.2000000000,"OAS/National police","CJ"
1307,"Saint Kitts and Nevis",2008,23,45.0000000000,"OAS/National police","CJ"
1308,"Saint Kitts and Nevis",2007,16,31.7000000000,"OAS/National police","CJ"
1309,"Saint Kitts and Nevis",2006,17,34.1000000000,"OAS/National police","CJ"
1310,"Saint Kitts and Nevis",2005,8,16.3000000000,"OAS/National police","CJ"
1311,"Saint Kitts and Nevis",2004,11,22.7000000000,"OAS/National police","CJ"
1312,"Saint Kitts and Nevis",2003,10,20.9000000000,"OAS/National police","CJ"
1313,"Saint Kitts and Nevis",2002,5,10.6000000000,"OAS/National police","CJ"
1314,"Saint Kitts and Nevis",2001,6,12.8000000000,"OAS/National police","CJ"
1315,"Saint Kitts and Nevis",2000,3,6.5000000000,"OAS/National police","CJ"
1316,"Saint Kitts and Nevis",1999,6,13.2000000000,"OAS/National police","CJ"
1317,"Saint Kitts and Nevis",1998,8,17.8000000000,"OAS/National police","CJ"
1318,"Saint Kitts and Nevis",1997,7,15.8000000000,"OAS/National police","CJ"
1319,"Saint Kitts and Nevis",1996,4,9.2000000000,"OAS/National police","CJ"
1320,"Saint Kitts and Nevis",1995,4,9.3000000000,"OAS/National police","CJ"
1321,"Saint Lucia",2010,44,25.2000000000,"OAS","CJ"
1322,"Saint Lucia",2009,39,22.6000000000,"OAS","CJ"
1323,"Saint Lucia",2008,39,22.9000000000,"OAS","CJ"
1324,"Saint Lucia",2007,29,17.2000000000,"OAS","CJ"
1325,"Saint Lucia",2006,43,25.7000000000,"OAS","CJ"
1326,"Saint Lucia",2005,41,24.8000000000,"OAS","CJ"
1327,"Saint Lucia",2004,37,22.6000000000,"OAS","CJ"
1328,"Saint Lucia",2003,36,22.2000000000,"OAS","CJ"
1329,"Saint Lucia",2002,42,26.2000000000,"OAS","CJ"
1330,"Saint Lucia",2001,34,21.4000000000,"OAS","CJ"
1331,"Saint Lucia",2000,23,14.6000000000,"OAS","CJ"
1332,"Saint Vincent and the Grenadines",2010,25,22.9000000000,"OAS/NGO","CJ"
1333,"Saint Vincent and the Grenadines",2009,20,18.3000000000,"OAS/NGO","CJ"
1334,"Saint Vincent and the Grenadines",2008,27,24.7000000000,"OAS/NGO","CJ"
1335,"Saint Vincent and the Grenadines",2007,36,33.0000000000,"OAS/NGO","CJ"
1336,"Saint Vincent and the Grenadines",2006,12,11.0000000000,"OAS/NGO","CJ"
1337,"Saint Vincent and the Grenadines",2005,26,23.9000000000,"OAS/NGO","CJ"
1338,"Saint Vincent and the Grenadines",2004,28,25.8000000000,"OAS/NGO","CJ"
1339,"Saint Vincent and the Grenadines",2003,18,16.6000000000,"OAS/NGO","CJ"
1340,"Saint Vincent and the Grenadines",2002,20,18.5000000000,"OAS/NGO","CJ"
1341,"Saint Vincent and the Grenadines",2001,12,11.1000000000,"OAS/NGO","CJ"
1342,"Saint Vincent and the Grenadines",2000,20,18.5000000000,"OAS/NGO","CJ"
1343,"Saint Vincent and the Grenadines",1999,14,13.0000000000,"OAS/NGO","CJ"
1344,"Saint Vincent and the Grenadines",1998,24,22.2000000000,"OAS/NGO","CJ"
1345,"Saint Vincent and the Grenadines",1997,9,8.3000000000,"OAS/NGO","CJ"
1346,"Saint Vincent and the Grenadines",1996,24,22.2000000000,"OAS/NGO","CJ"
1347,"Saint Vincent and the Grenadines",1995,20,18.5000000000,"OAS/NGO","CJ"
1348,"Samoa",2008,2,1.1000000000,"WHO","PH"
1349,"Sao Tome and Principe",2008,3,1.9000000000,"WHO","PH"
1350,"Saudi Arabia",2007,265,1.0000000000,"NSO","CJ"
1351,"Saudi Arabia",2006,255,1.0000000000,"NSO","CJ"
1352,"Saudi Arabia",2005,297,1.2000000000,"NSO","CJ"
1353,"Saudi Arabia",2004,301,1.3000000000,"NSO","CJ"
1354,"Saudi Arabia",2003,250,1.1000000000,"NSO","CJ"
1355,"Saudi Arabia",2002,285,1.3000000000,"NSO","CJ"
1356,"Saudi Arabia",2001,229,1.1000000000,"NSO","CJ"
1357,"Saudi Arabia",2000,173,0.9000000000,"NSO","CJ"
1358,"Saudi Arabia",1999,184,0.9000000000,"NSO","CJ"
1359,"Senegal",2008,1027,8.7000000000,"WHO","PH"
1360,"Serbia",2010,123,1.2000000000,"CTS/Eurostat","CJ"
1361,"Serbia",2009,145,1.5000000000,"CTS/Eurostat","CJ"
1362,"Serbia",2008,140,1.4000000000,"CTS/Eurostat","CJ"
1363,"Serbia",2007,171,1.7000000000,"CTS/Eurostat","CJ"
1364,"Serbia",2006,156,1.6000000000,"CTS/Eurostat","CJ"
1365,"Serbia",2005,147,1.5000000000,"CTS/Eurostat","CJ"
1366,"Serbia",2004,164,1.7000000000,"CTS/Eurostat","CJ"
1367,"Serbia",2003,176,1.8000000000,"CTS/Eurostat","CJ"
1368,"Serbia",2002,200,2.0000000000,"CTS/Eurostat","CJ"
1369,"Serbia",2001,243,2.4000000000,"CTS/Eurostat","CJ"
1370,"Serbia",2000,228,2.2000000000,"CTS/Eurostat","CJ"
1371,"Seychelles",2006,7,8.3000000000,"CTS","CJ"
1372,"Sierra Leone",2008,837,14.9000000000,"WHO","PH"
1373,"Singapore",2011,16,0.3000000000,"CTS/National police","CJ"
1374,"Singapore",2010,19,0.4000000000,"CTS/National police","CJ"
1375,"Singapore",2009,25,0.5000000000,"CTS/National police","CJ"
1376,"Singapore",2008,18,0.4000000000,"CTS/National police","CJ"
1377,"Singapore",2007,18,0.4000000000,"CTS/National police","CJ"
1378,"Singapore",2006,17,0.4000000000,"CTS/National police","CJ"
1379,"Singapore",2005,21,0.5000000000,"CTS/National police","CJ"
1380,"Singapore",2004,19,0.5000000000,"CTS/National police","CJ"
1381,"Singapore",2003,24,0.6000000000,"CTS/National police","CJ"
1382,"Singapore",2002,22,0.5000000000,"CTS/National police","CJ"
1383,"Singapore",2001,30,0.8000000000,"CTS/National police","CJ"
1384,"Singapore",2000,37,0.9000000000,"CTS/National police","CJ"
1385,"Singapore",1999,40,1.0000000000,"CTS/National police","CJ"
1386,"Singapore",1998,37,1.0000000000,"CTS/National police","CJ"
1387,"Singapore",1997,39,1.1000000000,"CTS/National police","CJ"
1388,"Singapore",1996,31,0.9000000000,"CTS/National police","CJ"
1389,"Singapore",1995,51,1.5000000000,"CTS/National police","CJ"
1390,"Slovakia",2009,84,1.5000000000,"CTS/Transmonee","CJ"
1391,"Slovakia",2008,94,1.7000000000,"CTS/Transmonee","CJ"
1392,"Slovakia",2007,89,1.6000000000,"CTS/Transmonee","CJ"
1393,"Slovakia",2006,89,1.6000000000,"CTS/Transmonee","CJ"
1394,"Slovakia",2005,106,2.0000000000,"CTS/Transmonee","CJ"
1395,"Slovakia",2004,122,2.3000000000,"CTS/Transmonee","CJ"
1396,"Slovakia",2003,146,2.7000000000,"CTS/Transmonee","CJ"
1397,"Slovakia",2002,138,2.6000000000,"CTS/Transmonee","CJ"
1398,"Slovakia",2001,129,2.4000000000,"CTS/Transmonee","CJ"
1399,"Slovakia",2000,143,2.6000000000,"CTS/Transmonee","CJ"
1400,"Slovakia",1999,141,2.6000000000,"CTS/Transmonee","CJ"
1401,"Slovakia",1998,128,2.4000000000,"CTS/Transmonee","CJ"
1402,"Slovakia",1997,140,2.6000000000,"CTS/Transmonee","CJ"
1403,"Slovakia",1996,132,2.5000000000,"CTS/Transmonee","CJ"
1404,"Slovakia",1995,128,2.4000000000,"CTS/Transmonee","CJ"
1405,"Slovenia",2010,15,0.7000000000,"CTS","CJ"
1406,"Slovenia",2009,13,0.6000000000,"CTS","CJ"
1407,"Slovenia",2008,10,0.5000000000,"CTS","CJ"
1408,"Slovenia",2007,24,1.2000000000,"CTS","CJ"
1409,"Slovenia",2006,12,0.6000000000,"CTS","CJ"
1410,"Slovenia",2005,20,1.0000000000,"CTS","CJ"
1411,"Slovenia",2004,28,1.4000000000,"CTS","CJ"
1412,"Slovenia",2003,21,1.1000000000,"CTS","CJ"
1413,"Slovenia",2002,36,1.8000000000,"CTS","CJ"
1414,"Slovenia",2001,28,1.4000000000,"CTS","CJ"
1415,"Slovenia",2000,36,1.8000000000,"CTS","CJ"
1416,"Slovenia",1999,25,1.3000000000,"CTS","CJ"
1417,"Slovenia",1998,14,0.7000000000,"CTS","CJ"
1418,"Slovenia",1997,36,1.8000000000,"CTS","CJ"
1419,"Slovenia",1996,38,1.9000000000,"CTS","CJ"
1420,"Slovenia",1995,44,2.2000000000,"CTS","CJ"
1421,"Solomon Islands",2008,19,3.7000000000,"CTS","CJ"
1422,"Solomon Islands",2007,26,5.2000000000,"CTS","CJ"
1423,"Solomon Islands",2006,23,4.8000000000,"CTS","CJ"
1424,"Solomon Islands",2005,26,5.5000000000,"CTS","CJ"
1425,"Solomon Islands",2004,20,4.4000000000,"CTS","CJ"
1426,"Somalia",2008,138,1.5000000000,"WHO","PH"
1427,"South Africa",2010,15940,31.8000000000,"National police","CJ"
1428,"South Africa",2009,16834,33.8000000000,"National police","CJ"
1429,"South Africa",2008,18148,36.8000000000,"National police","CJ"
1430,"South Africa",2007,18487,37.9000000000,"National police","CJ"
1431,"South Africa",2006,19202,39.7000000000,"National police","CJ"
1432,"South Africa",2005,18528,38.8000000000,"National police","CJ"
1433,"South Africa",2004,18793,39.8000000000,"National police","CJ"
1434,"South Africa",2003,19824,42.5000000000,"National police","CJ"
1435,"South Africa",2002,21553,46.8000000000,"National police","CJ"
1436,"South Africa",2001,21405,47.2000000000,"National police","CJ"
1437,"South Africa",2000,21758,48.6000000000,"National police","CJ"
1438,"South Africa",1999,22604,51.2000000000,"National police","CJ"
1439,"South Africa",1998,25127,57.7000000000,"National police","CJ"
1440,"South Africa",1997,24486,57.1000000000,"National police","CJ"
1441,"South Africa",1996,25470,60.4000000000,"National police","CJ"
1442,"South Africa",1995,26877,64.9000000000,"National police","CJ"
1443,"Spain",2010,390,0.8000000000,"CTS/Eurostat","CJ"
1444,"Spain",2009,399,0.9000000000,"CTS/Eurostat","CJ"
1445,"Spain",2008,426,0.9000000000,"CTS/Eurostat","CJ"
1446,"Spain",2007,482,1.1000000000,"CTS/Eurostat","CJ"
1447,"Spain",2006,476,1.1000000000,"CTS/Eurostat","CJ"
1448,"Spain",2005,518,1.2000000000,"CTS/Eurostat","CJ"
1449,"Spain",2004,520,1.2000000000,"CTS/Eurostat","CJ"
1450,"Spain",2003,587,1.4000000000,"CTS/Eurostat","CJ"
1451,"Spain",2002,564,1.4000000000,"CTS/Eurostat","CJ"
1452,"Spain",2001,577,1.4000000000,"CTS/Eurostat","CJ"
1453,"Spain",2000,553,1.4000000000,"CTS/Eurostat","CJ"
1454,"Spain",1999,486,1.2000000000,"CTS/Eurostat","CJ"
1455,"Spain",1998,522,1.3000000000,"CTS/Eurostat","CJ"
1456,"Spain",1997,463,1.2000000000,"CTS/Eurostat","CJ"
1457,"Spain",1996,397,1.0000000000,"CTS/Eurostat","CJ"
1458,"Spain",1995,411,1.0000000000,"CTS/Eurostat","CJ"
1459,"Sri Lanka",2010,745,3.6000000000,"National police","CJ"
1460,"Sri Lanka",2009,958,4.6000000000,"National police","CJ"
1461,"Sri Lanka",2008,1488,7.3000000000,"National police","CJ"
1462,"Sri Lanka",2007,1663,8.2000000000,"National police","CJ"
1463,"Sri Lanka",2006,2045,10.2000000000,"National police","CJ"
1464,"Sri Lanka",2005,1221,6.2000000000,"National police","CJ"
1465,"Sudan",2008,10028,24.2000000000,"WHO","PH"
1466,"Suriname",2009,24,4.6000000000,"OAS","CJ"
1467,"Suriname",2008,43,8.3000000000,"OAS","CJ"
1468,"Suriname",2007,45,8.8000000000,"OAS","CJ"
1469,"Suriname",2006,62,12.3000000000,"OAS","CJ"
1470,"Suriname",2005,69,13.8000000000,"OAS","CJ"
1471,"Suriname",2004,46,9.3000000000,"OAS","CJ"
1472,"Suriname",2003,60,12.3000000000,"OAS","CJ"
1473,"Suriname",2002,57,11.9000000000,"OAS","CJ"
1474,"Suriname",2001,79,16.7000000000,"OAS","CJ"
1475,"Suriname",2000,68,4.6000000000,"OAS","CJ"
1476,"Swaziland",2004,141,12.9000000000,"CTS","CJ"
1477,"Swaziland",2003,135,12.4000000000,"CTS","CJ"
1478,"Sweden",2010,91,1.0000000000,"CTS/Eurostat","CJ"
1479,"Sweden",2009,92,1.0000000000,"CTS/Eurostat","CJ"
1480,"Sweden",2008,82,0.9000000000,"CTS/Eurostat","CJ"
1481,"Sweden",2007,114,1.2000000000,"CTS/Eurostat","CJ"
1482,"Sweden",2006,93,1.0000000000,"CTS/Eurostat","CJ"
1483,"Sweden",2005,81,0.9000000000,"CTS/Eurostat","CJ"
1484,"Sweden",2004,109,1.2000000000,"CTS/Eurostat","CJ"
1485,"Sweden",2003,83,0.9000000000,"CTS/Eurostat","CJ"
1486,"Sweden",2002,99,1.1000000000,"CTS/Eurostat","CJ"
1487,"Sweden",2001,84,0.9000000000,"CTS/Eurostat","CJ"
1488,"Sweden",2000,89,1.0000000000,"CTS/Eurostat","CJ"
1489,"Sweden",1999,99,1.1000000000,"CTS/Eurostat","CJ"
1490,"Sweden",1998,93,1.1000000000,"CTS/Eurostat","CJ"
1491,"Sweden",1997,91,1.0000000000,"CTS/Eurostat","CJ"
1492,"Sweden",1996,97,1.1000000000,"CTS/Eurostat","CJ"
1493,"Sweden",1995,83,0.9000000000,"CTS/Eurostat","CJ"
1494,"Switzerland",2010,52,0.7000000000,"CTS/Eurostat","CJ"
1495,"Switzerland",2009,51,0.7000000000,"CTS/Eurostat","CJ"
1496,"Switzerland",2008,54,0.7000000000,"CTS/Eurostat","CJ"
1497,"Switzerland",2007,51,0.7000000000,"CTS/Eurostat","CJ"
1498,"Switzerland",2006,60,0.8000000000,"CTS/Eurostat","CJ"
1499,"Switzerland",2005,75,1.0000000000,"CTS/Eurostat","CJ"
1500,"Switzerland",2004,79,1.1000000000,"CTS/Eurostat","CJ"
1501,"Switzerland",2003,73,1.0000000000,"CTS/Eurostat","CJ"
1502,"Switzerland",2002,86,1.2000000000,"CTS/Eurostat","CJ"
1503,"Switzerland",2001,86,1.2000000000,"CTS/Eurostat","CJ"
1504,"Switzerland",2000,69,1.0000000000,"CTS/Eurostat","CJ"
1505,"Switzerland",1999,89,1.2000000000,"CTS/Eurostat","CJ"
1506,"Switzerland",1998,76,1.1000000000,"CTS/Eurostat","CJ"
1507,"Switzerland",1997,87,1.2000000000,"CTS/Eurostat","CJ"
1508,"Switzerland",1996,83,1.2000000000,"CTS/Eurostat","CJ"
1509,"Switzerland",1995,82,1.2000000000,"CTS/Eurostat","CJ"
1510,"Syrian Arab Republic",2010,463,2.3000000000,"NSO","CJ"
1511,"Syrian Arab Republic",2009,476,2.4000000000,"NSO","CJ"
1512,"Syrian Arab Republic",2008,529,2.7000000000,"NSO","CJ"
1513,"Syrian Arab Republic",2007,533,2.8000000000,"NSO","CJ"
1514,"Syrian Arab Republic",2006,446,2.4000000000,"NSO","CJ"
1515,"Syrian Arab Republic",2005,430,2.3000000000,"NSO","CJ"
1516,"Syrian Arab Republic",2004,426,2.4000000000,"NSO","CJ"
1517,"Syrian Arab Republic",2003,405,2.3000000000,"NSO","CJ"
1518,"Syrian Arab Republic",2002,368,2.2000000000,"NSO","CJ"
1519,"Syrian Arab Republic",2001,376,2.3000000000,"NSO","CJ"
1520,"Syrian Arab Republic",2000,357,2.2000000000,"NSO","CJ"
1521,"Syrian Arab Republic",1999,330,2.1000000000,"NSO","CJ"
1522,"Syrian Arab Republic",1998,336,2.2000000000,"NSO","CJ"
1523,"Syrian Arab Republic",1997,296,2.0000000000,"NSO","CJ"
1524,"Tajikistan",2010,143,2.1000000000,"Transmonee","CJ"
1525,"Tajikistan",2009,143,2.1000000000,"Transmonee","CJ"
1526,"Tajikistan",2008,118,1.8000000000,"Transmonee","CJ"
1527,"Tajikistan",2007,154,2.3000000000,"Transmonee","CJ"
1528,"Tajikistan",2006,283,4.3000000000,"Transmonee","CJ"
1529,"Tajikistan",2005,157,2.4000000000,"Transmonee","CJ"
1530,"Tajikistan",2004,142,2.2000000000,"Transmonee","CJ"
1531,"Tajikistan",2003,164,2.6000000000,"Transmonee","CJ"
1532,"Tajikistan",2002,180,2.9000000000,"Transmonee","CJ"
1533,"Tajikistan",2001,233,3.7000000000,"Transmonee","CJ"
1534,"Tajikistan",2000,283,4.6000000000,"Transmonee","CJ"
1535,"Tajikistan",1999,357,5.8000000000,"Transmonee","CJ"
1536,"Tajikistan",1998,491,8.1000000000,"Transmonee","CJ"
1537,"Tajikistan",1997,498,8.4000000000,"Transmonee","CJ"
1538,"Tajikistan",1996,484,8.3000000000,"Transmonee","CJ"
1539,"Tajikistan",1995,435,7.5000000000,"Transmonee","CJ"
1540,"Thailand",2011,3307,4.8000000000,"National police","CJ"
1541,"Thailand",2010,3654,5.3000000000,"National police","CJ"
1542,"Thailand",2009,3703,5.4000000000,"National police","CJ"
1543,"Thailand",2008,3974,5.8000000000,"National police","CJ"
1544,"Thailand",2007,4435,6.5000000000,"National police","CJ"
1545,"Thailand",2006,4687,7.0000000000,"National police","CJ"
1546,"Thailand",2005,4806,7.2000000000,"National police","CJ"
1547,"Thailand",2004,4273,6.5000000000,"National police","CJ"
1548,"Thailand",2003,6434,9.8000000000,"National police","CJ"
1549,"Thailand",2002,4538,7.0000000000,"National police","CJ"
1550,"Thailand",2001,5020,7.9000000000,"National police","CJ"
1551,"Thailand",2000,5142,8.1000000000,"National police","CJ"
1552,"Thailand",1999,5052,8.1000000000,"National police","CJ"
1553,"Thailand",1998,5361,8.7000000000,"National police","CJ"
1554,"Thailand",1997,4787,7.9000000000,"National police","CJ"
1555,"Thailand",1996,4474,7.4000000000,"National police","CJ"
1556,"Thailand",1995,4542,7.6000000000,"National police","CJ"
1557,"The former Yugoslav Republic of Macedonia",2010,40,1.9000000000,"CTS/Eurostat","CJ"
1558,"The former Yugoslav Republic of Macedonia",2009,36,1.8000000000,"CTS/Eurostat","CJ"
1559,"The former Yugoslav Republic of Macedonia",2008,36,1.8000000000,"CTS/Eurostat","CJ"
1560,"The former Yugoslav Republic of Macedonia",2007,42,2.1000000000,"CTS/Eurostat","CJ"
1561,"The former Yugoslav Republic of Macedonia",2006,51,2.5000000000,"CTS/Eurostat","CJ"
1562,"The former Yugoslav Republic of Macedonia",2005,53,2.6000000000,"CTS/Eurostat","CJ"
1563,"The former Yugoslav Republic of Macedonia",2004,56,2.8000000000,"CTS/Eurostat","CJ"
1564,"The former Yugoslav Republic of Macedonia",2003,70,3.5000000000,"CTS/Eurostat","CJ"
1565,"The former Yugoslav Republic of Macedonia",2002,60,3.0000000000,"CTS/Eurostat","CJ"
1566,"The former Yugoslav Republic of Macedonia",2001,55,2.7000000000,"CTS/Eurostat","CJ"
1567,"The former Yugoslav Republic of Macedonia",2000,51,2.5000000000,"CTS/Eurostat","CJ"
1568,"The former Yugoslav Republic of Macedonia",1999,51,2.5000000000,"CTS/Eurostat","CJ"
1569,"Timor-Leste",2008,75,6.9000000000,"WHO","PH"
1570,"Togo",2008,627,10.9000000000,"WHO","PH"
1571,"Tonga",2008,1,1.0000000000,"WHO","PH"
1572,"Trinidad and Tobago",2010,472,35.2000000000,"OAS","CJ"
1573,"Trinidad and Tobago",2009,506,37.9000000000,"OAS","CJ"
1574,"Trinidad and Tobago",2008,547,41.1000000000,"OAS","CJ"
1575,"Trinidad and Tobago",2007,391,29.5000000000,"OAS","CJ"
1576,"Trinidad and Tobago",2006,371,28.1000000000,"OAS","CJ"
1577,"Trinidad and Tobago",2005,386,29.3000000000,"OAS","CJ"
1578,"Trinidad and Tobago",2004,260,19.8000000000,"OAS","CJ"
1579,"Trinidad and Tobago",2003,229,17.5000000000,"OAS","CJ"
1580,"Trinidad and Tobago",2002,171,13.1000000000,"OAS","CJ"
1581,"Trinidad and Tobago",2001,151,11.6000000000,"OAS","CJ"
1582,"Trinidad and Tobago",2000,120,9.3000000000,"OAS","CJ"
1583,"Tunisia",2008,117,1.1000000000,"WHO","PH"
1584,"Turkey",2008,2320,3.3000000000,"CTS","CJ"
1585,"Turkey",2007,2540,3.6000000000,"CTS","CJ"
1586,"Turkey",2006,3168,4.6000000000,"CTS","CJ"
1587,"Turkey",2005,3305,4.9000000000,"CTS","CJ"
1588,"Turkey",2004,2914,4.3000000000,"CTS","CJ"
1589,"Turkey",2003,2837,4.3000000000,"CTS","CJ"
1590,"Turkmenistan",2006,203,4.2000000000,"Transmonee","CJ"
1591,"Turkmenistan",2005,206,4.3000000000,"Transmonee","CJ"
1592,"Turkmenistan",2004,209,4.4000000000,"Transmonee","CJ"
1593,"Turkmenistan",2003,233,5.0000000000,"Transmonee","CJ"
1594,"Turkmenistan",2002,241,5.2000000000,"Transmonee","CJ"
1595,"Turkmenistan",2001,248,5.4000000000,"Transmonee","CJ"
1596,"Turkmenistan",2000,267,5.9000000000,"Transmonee","CJ"
1597,"Turkmenistan",1999,321,7.2000000000,"Transmonee","CJ"
1598,"Turkmenistan",1998,345,7.8000000000,"Transmonee","CJ"
1599,"Turkmenistan",1997,358,8.3000000000,"Transmonee","CJ"
1600,"Turkmenistan",1996,334,7.8000000000,"Transmonee","CJ"
1601,"Turkmenistan",1995,269,6.4000000000,"Transmonee","CJ"
1602,"Turks and Caicos Islands",2009,3,8.7000000000,"PAHO","PH"
1603,"Turks and Caicos Islands",2008,3,8.9000000000,"PAHO","PH"
1604,"Turks and Caicos Islands",2005,0,0.0000000000,"PAHO","PH"
1605,"Turks and Caicos Islands",2003,0,0.0000000000,"PAHO","PH"
1606,"Turks and Caicos Islands",2002,2,10.7000000000,"PAHO","PH"
1607,"Turks and Caicos Islands",2001,0,0.0000000000,"PAHO","PH"
1608,"Turks and Caicos Islands",2000,0,0.0000000000,"PAHO","PH"
1609,"Turks and Caicos Islands",1999,0,0.0000000000,"PAHO","PH"
1610,"Turks and Caicos Islands",1998,0,0.0000000000,"PAHO","PH"
1611,"Uganda",2008,11373,36.3000000000,"WHO","PH"
1612,"Ukraine",2010,2356,5.2000000000,"Transmonee","CJ"
1613,"Ukraine",2009,2478,5.4000000000,"Transmonee","CJ"
1614,"Ukraine",2008,2707,5.9000000000,"Transmonee","CJ"
1615,"Ukraine",2007,2906,6.3000000000,"Transmonee","CJ"
1616,"Ukraine",2006,3220,6.9000000000,"Transmonee","CJ"
1617,"Ukraine",2005,3315,7.1000000000,"Transmonee","CJ"
1618,"Ukraine",2004,3788,8.0000000000,"Transmonee","CJ"
1619,"Ukraine",2003,4041,8.5000000000,"Transmonee","CJ"
1620,"Ukraine",2002,4296,8.9000000000,"Transmonee","CJ"
1621,"Ukraine",2001,4854,10.0000000000,"Transmonee","CJ"
1622,"Ukraine",2000,4806,9.8000000000,"Transmonee","CJ"
1623,"Ukraine",1999,4624,9.4000000000,"Transmonee","CJ"
1624,"Ukraine",1998,4563,9.2000000000,"Transmonee","CJ"
1625,"Ukraine",1997,4529,9.0000000000,"Transmonee","CJ"
1626,"Ukraine",1996,4896,9.6000000000,"Transmonee","CJ"
1627,"Ukraine",1995,4783,9.4000000000,"Transmonee","CJ"
1628,"United Arab Emirates",2006,39,0.8000000000,"CTS","CJ"
1629,"United Arab Emirates",2005,56,1.4000000000,"CTS","CJ"
1630,"United Arab Emirates",2004,27,0.7000000000,"CTS","CJ"
1631,"United Arab Emirates",2003,45,1.3000000000,"CTS","CJ"
1632,"United Kingdom of Great Britain and Northern Ireland",2009,722,1.2000000000,"Eurostat","CJ"
1633,"United Kingdom of Great Britain and Northern Ireland",2008,780,1.3000000000,"Eurostat","CJ"
1634,"United Kingdom of Great Britain and Northern Ireland",2007,915,1.5000000000,"Eurostat","CJ"
1635,"United Kingdom of Great Britain and Northern Ireland",2006,904,1.5000000000,"Eurostat","CJ"
1636,"United Kingdom of Great Britain and Northern Ireland",2005,894,1.5000000000,"Eurostat","CJ"
1637,"United Kingdom of Great Britain and Northern Ireland",2004,1047,1.7000000000,"Eurostat","CJ"
1638,"United Kingdom of Great Britain and Northern Ireland",2003,1046,1.8000000000,"Eurostat","CJ"
1639,"United Kingdom of Great Britain and Northern Ireland",2002,1220,2.1000000000,"Eurostat","CJ"
1640,"United Kingdom of Great Britain and Northern Ireland",2001,1052,1.8000000000,"Eurostat","CJ"
1641,"United Kingdom of Great Britain and Northern Ireland",2000,1002,1.7000000000,"Eurostat","CJ"
1642,"United Kingdom of Great Britain and Northern Ireland",1999,920,1.6000000000,"Eurostat","CJ"
1643,"United Kingdom of Great Britain and Northern Ireland",1998,921,1.6000000000,"Eurostat","CJ"
1644,"United Kingdom of Great Britain and Northern Ireland",1997,871,1.5000000000,"Eurostat","CJ"
1645,"United Kingdom of Great Britain and Northern Ireland",1996,852,1.5000000000,"Eurostat","CJ"
1646,"United Kingdom of Great Britain and Northern Ireland",1995,910,1.6000000000,"Eurostat","CJ"
1647,"United Republic of Tanzania",2008,10357,24.5000000000,"WHO","PH"
1648,"United States of America",2010,12996,4.2000000000,"National police","CJ"
1649,"United States of America",2009,13636,4.4000000000,"National police","CJ"
1650,"United States of America",2008,14180,4.6000000000,"National police","CJ"
1651,"United States of America",2007,14831,4.9000000000,"National police","CJ"
1652,"United States of America",2006,14990,5.0000000000,"National police","CJ"
1653,"United States of America",2005,14860,5.0000000000,"National police","CJ"
1654,"United States of America",2004,14210,4.8000000000,"National police","CJ"
1655,"United States of America",2003,14465,5.0000000000,"National police","CJ"
1656,"United States of America",2002,14263,4.9000000000,"National police","CJ"
1657,"United States of America",2001,14061,4.9000000000,"National police","CJ"
1658,"United States Virgin Islands",2007,43,39.2000000000,"PAHO","PH"
1659,"United States Virgin Islands",2006,43,39.2000000000,"PAHO","PH"
1660,"United States Virgin Islands",2005,35,31.9000000000,"PAHO","PH"
1661,"United States Virgin Islands",2004,37,33.8000000000,"PAHO","PH"
1662,"United States Virgin Islands",2003,31,28.3000000000,"PAHO","PH"
1663,"United States Virgin Islands",2002,41,37.6000000000,"PAHO","PH"
1664,"United States Virgin Islands",2001,28,25.7000000000,"PAHO","PH"
1665,"United States Virgin Islands",2000,24,22.1000000000,"PAHO","PH"
1666,"United States Virgin Islands",1999,27,24.9000000000,"PAHO","PH"
1667,"Uruguay",2011,199,5.9000000000,"Ministry of Interior/SES/OAS","CJ"
1668,"Uruguay",2010,205,6.1000000000,"Ministry of Interior/SES/OAS","CJ"
1669,"Uruguay",2009,227,6.8000000000,"Ministry of Interior/SES/OAS","CJ"
1670,"Uruguay",2008,221,6.6000000000,"Ministry of Interior/SES/OAS","CJ"
1671,"Uruguay",2007,193,5.8000000000,"Ministry of Interior/SES/OAS","CJ"
1672,"Uruguay",2006,203,6.1000000000,"Ministry of Interior/SES/OAS","CJ"
1673,"Uruguay",2005,188,5.7000000000,"Ministry of Interior/SES/OAS","CJ"
1674,"Uruguay",2004,200,6.0000000000,"Ministry of Interior/SES/OAS","CJ"
1675,"Uruguay",2003,197,5.9000000000,"Ministry of Interior/SES/OAS","CJ"
1676,"Uruguay",2002,231,6.9000000000,"Ministry of Interior/SES/OAS","CJ"
1677,"Uruguay",2001,218,6.6000000000,"Ministry of Interior/SES/OAS","CJ"
1678,"Uruguay",2000,214,6.4000000000,"Ministry of Interior/SES/OAS","CJ"
1679,"Uzbekistan",2008,831,3.1000000000,"CTS/Transmonee","CJ"
1680,"Uzbekistan",2007,815,3.1000000000,"CTS/Transmonee","CJ"
1681,"Uzbekistan",2006,861,3.3000000000,"CTS/Transmonee","CJ"
1682,"Uzbekistan",2005,910,3.5000000000,"CTS/Transmonee","CJ"
1683,"Uzbekistan",2004,962,3.7000000000,"CTS/Transmonee","CJ"
1684,"Uzbekistan",2003,963,3.8000000000,"CTS/Transmonee","CJ"
1685,"Uzbekistan",2002,1058,4.2000000000,"CTS/Transmonee","CJ"
1686,"Uzbekistan",2001,1081,4.3000000000,"CTS/Transmonee","CJ"
1687,"Uzbekistan",2000,1068,4.3000000000,"CTS/Transmonee","CJ"
1688,"Uzbekistan",1999,1014,4.1000000000,"CTS/Transmonee","CJ"
1689,"Uzbekistan",1998,1065,4.4000000000,"CTS/Transmonee","CJ"
1690,"Uzbekistan",1997,1054,4.4000000000,"CTS/Transmonee","CJ"
1691,"Uzbekistan",1996,1153,4.9000000000,"CTS/Transmonee","CJ"
1692,"Uzbekistan",1995,1157,5.0000000000,"CTS/Transmonee","CJ"
1693,"Vanuatu",2008,2,0.9000000000,"WHO","PH"
1694,"Venezuela (Bolivarian Republic of)",2010,13080,45.1000000000,"NGO","CJ"
1695,"Venezuela (Bolivarian Republic of)",2009,13985,49.0000000000,"NGO","CJ"
1696,"Venezuela (Bolivarian Republic of)",2008,14589,52.0000000000,"NGO","CJ"
1697,"Venezuela (Bolivarian Republic of)",2007,13156,47.7000000000,"NGO","CJ"
1698,"Venezuela (Bolivarian Republic of)",2006,12257,45.2000000000,"NGO","CJ"
1699,"Venezuela (Bolivarian Republic of)",2005,9964,37.4000000000,"NGO","CJ"
1700,"Venezuela (Bolivarian Republic of)",2004,9719,37.1000000000,"NGO","CJ"
1701,"Venezuela (Bolivarian Republic of)",2003,11342,44.1000000000,"NGO","CJ"
1702,"Venezuela (Bolivarian Republic of)",2002,9617,38.1000000000,"NGO","CJ"
1703,"Venezuela (Bolivarian Republic of)",2001,7960,32.1000000000,"NGO","CJ"
1704,"Venezuela (Bolivarian Republic of)",2000,8022,32.9000000000,"NGO","CJ"
1705,"Venezuela (Bolivarian Republic of)",1999,5968,25.0000000000,"NGO","CJ"
1706,"Venezuela (Bolivarian Republic of)",1998,4550,19.4000000000,"NGO","CJ"
1707,"Venezuela (Bolivarian Republic of)",1997,4225,18.4000000000,"NGO","CJ"
1708,"Venezuela (Bolivarian Republic of)",1996,4961,22.0000000000,"NGO","CJ"
1709,"Venezuela (Bolivarian Republic of)",1995,4481,20.3000000000,"NGO","CJ"
1710,"Viet Nam",2008,1346,1.6000000000,"WHO","PH"
1711,"Yemen",2009,990,4.2000000000,"NSO","CJ"
1712,"Yemen",2008,874,3.9000000000,"NSO","CJ"
1713,"Yemen",2007,897,4.1000000000,"NSO","CJ"
1714,"Yemen",2006,895,4.2000000000,"NSO","CJ"
1715,"Yemen",2005,945,4.6000000000,"NSO","CJ"
1716,"Yemen",2004,646,3.2000000000,"NSO","CJ"
1717,"Yemen",2003,704,3.6000000000,"NSO","CJ"
1718,"Zambia",2008,4710,38.0000000000,"WHO","PH"
1719,"Zimbabwe",2008,1775,14.3000000000,"WHO","PH"
